state_abbreviation,state_name,reporting_period,total_medicaid_and_chip_enrollment,total_medicaid_enrollment,total_chip_enrollment,medicaid_and_chip_child_enrollment,total_adult_medicaid_enrollment,preliminary_or_updated,period_formatted
AK,Alaska,202501,244438,229677,14761,96982,147456,P,2025-01
AK,Alaska,202501,246432,231448,14984,97560,148872,U,2025-01
AK,Alaska,202502,240405,225782,14623,95669,144736,P,2025-02
AK,Alaska,202502,243847,229186,14661,96644,147203,U,2025-02
AK,Alaska,202503,235835,221504,14331,93999,141836,P,2025-03
AK,Alaska,202503,243077,228508,14569,96384,146693,U,2025-03
AK,Alaska,202504,231077,217291,13786,91888,139189,P,2025-04
AK,Alaska,202504,238271,224131,14140,94885,143386,U,2025-04
AK,Alaska,202505,223020,209810,13210,88616,134404,P,2025-05
AK,Alaska,202505,225031,211333,13698,86706,138325,U,2025-05
AK,Alaska,202506,224980,211659,13321,90017,134963,P,2025-06
AK,Alaska,202506,224980,211659,13321,90017,134963,U,2025-06
AK,Alaska,202507,208266,195887,12379,82662,125604,P,2025-07
AK,Alaska,202507,220373,207221,13152,88348,132025,U,2025-07
AK,Alaska,202508,205737,193413,12324,81557,124180,P,2025-08
AK,Alaska,202508,218824,205768,13056,87906,130918,U,2025-08
AK,Alaska,202509,214400,201512,12888,86376,128024,P,2025-09
AK,Alaska,202509,215641,202632,13009,86718,128923,U,2025-09
AK,Alaska,202510,211854,199110,12744,85271,126583,P,2025-10
AK,Alaska,202510,214818,201848,12970,86524,128294,U,2025-10
AK,Alaska,202511,207807,195239,12568,83609,124198,P,2025-11
AK,Alaska,202511,212388,199460,12928,85710,126678,U,2025-11
AK,Alaska,202512,210475,197629,12846,85106,125369,P,2025-12
AK,Alaska,202512,212089,199113,12976,85599,126490,U,2025-12
AK,Alaska,202601,210172,197303,12869,84968,125204,P,2026-01
AL,Alabama,202501,945069,762844,182225,674158,270911,P,2025-01
AL,Alabama,202501,956651,771806,184845,680890,275761,U,2025-01
AL,Alabama,202502,946644,762737,183907,675396,271248,P,2025-02
AL,Alabama,202502,955498,769769,185729,680622,274876,U,2025-02
AL,Alabama,202503,944327,760145,184182,674180,270147,P,2025-03
AL,Alabama,202503,953505,767428,186077,679521,273984,U,2025-03
AL,Alabama,202504,953178,768446,184732,679470,273708,P,2025-04
AL,Alabama,202504,961550,775147,186403,684013,277537,U,2025-04
AL,Alabama,202505,938679,754311,184368,669652,269027,P,2025-05
AL,Alabama,202505,947601,761378,186223,674850,272751,U,2025-05
AL,Alabama,202506,937844,752608,185236,669444,268400,P,2025-06
AL,Alabama,202506,946316,759359,186957,674469,271847,U,2025-06
AL,Alabama,202507,936239,750162,186077,668511,267728,P,2025-07
AL,Alabama,202507,948369,760049,188320,675764,272605,U,2025-07
AL,Alabama,202508,938822,750998,187824,670822,268000,P,2025-08
AL,Alabama,202508,947380,758080,189300,675575,271805,U,2025-08
AL,Alabama,202509,937597,748438,189159,670669,266928,P,2025-09
AL,Alabama,202509,947718,756883,190835,676222,271496,U,2025-09
AL,Alabama,202510,940264,749334,190930,672491,267773,P,2025-10
AL,Alabama,202510,947046,754925,192121,676185,270861,U,2025-10
AL,Alabama,202511,938982,747254,191728,671829,267153,P,2025-11
AL,Alabama,202511,945436,752535,192901,675260,270176,U,2025-11
AL,Alabama,202512,939065,745861,193204,671861,267204,P,2025-12
AL,Alabama,202512,945191,750744,194447,675229,269962,U,2025-12
AL,Alabama,202601,935658,741054,194604,670277,265381,P,2026-01
AR,Arkansas,202501,816385,734461,81924,403970,412415,P,2025-01
AR,Arkansas,202501,825477,742682,82795,407896,417581,U,2025-01
AR,Arkansas,202502,822228,739524,82704,406759,415469,P,2025-02
AR,Arkansas,202502,824245,741361,82884,408744,415501,U,2025-02
AR,Arkansas,202503,824245,741361,82884,408744,415501,P,2025-03
AR,Arkansas,202503,828054,744815,83239,410657,417397,U,2025-03
AR,Arkansas,202504,820916,741402,79514,409048,411868,P,2025-04
AR,Arkansas,202504,825857,746164,79693,411210,414647,U,2025-04
AR,Arkansas,202505,816798,737110,79688,409592,407206,P,2025-05
AR,Arkansas,202505,821900,741988,79912,411926,409974,U,2025-05
AR,Arkansas,202506,816018,736068,79950,410482,405536,P,2025-06
AR,Arkansas,202506,821198,741050,80148,412907,408291,U,2025-06
AR,Arkansas,202507,814615,734196,80419,411854,402761,P,2025-07
AR,Arkansas,202507,818956,738379,80577,413947,405009,U,2025-07
AR,Arkansas,202508,810357,729355,81002,413084,397273,P,2025-08
AR,Arkansas,202508,815146,733824,81322,415287,399859,U,2025-08
AR,Arkansas,202509,808278,726938,81340,413296,394982,P,2025-09
AR,Arkansas,202509,814767,732961,81806,416469,398298,U,2025-09
AR,Arkansas,202510,808325,726141,82184,415014,393311,P,2025-10
AR,Arkansas,202510,811928,729524,82404,416668,395260,U,2025-10
AR,Arkansas,202511,801189,718520,82669,414021,387168,P,2025-11
AR,Arkansas,202511,806626,723536,83090,416446,390180,U,2025-11
AR,Arkansas,202512,801024,717527,83497,414424,386600,P,2025-12
AR,Arkansas,202512,807724,723941,83783,417056,390668,U,2025-12
AR,Arkansas,202601,801620,717460,84160,398948,402672,P,2026-01
AZ,Arizona,202501,1872834,1754999,117835,806168,1066666,P,2025-01
AZ,Arizona,202501,1872834,1754999,117835,806168,1066666,U,2025-01
AZ,Arizona,202502,1859290,1741232,118058,800905,1058385,P,2025-02
AZ,Arizona,202502,1859290,1741232,118058,800905,1058385,U,2025-02
AZ,Arizona,202503,1849039,1731858,117181,796057,1052982,P,2025-03
AZ,Arizona,202503,1849039,1731858,117181,796057,1052982,U,2025-03
AZ,Arizona,202504,1830028,1713183,116845,792152,1037876,P,2025-04
AZ,Arizona,202504,1830028,1713183,116845,792152,1037876,U,2025-04
AZ,Arizona,202505,1818912,1702775,116137,787506,1031406,P,2025-05
AZ,Arizona,202505,1818912,1702775,116137,787506,1031406,U,2025-05
AZ,Arizona,202506,1793424,1678419,115005,776639,1016785,P,2025-06
AZ,Arizona,202506,1793424,1678419,115005,776639,1016785,U,2025-06
AZ,Arizona,202507,1788695,1674282,114413,776202,1012493,P,2025-07
AZ,Arizona,202507,1788695,1674282,114413,776202,1012493,U,2025-07
AZ,Arizona,202508,1761638,1646143,115495,767389,994249,P,2025-08
AZ,Arizona,202508,1761638,1646143,115495,767389,994249,U,2025-08
AZ,Arizona,202509,1744625,1628913,115712,760947,983678,P,2025-09
AZ,Arizona,202509,1744625,1628913,115712,760947,983678,U,2025-09
AZ,Arizona,202510,1720153,1605769,114384,751998,968155,P,2025-10
AZ,Arizona,202510,1720153,1605769,114384,751998,968155,U,2025-10
AZ,Arizona,202511,1693731,1579905,113826,741576,952155,P,2025-11
AZ,Arizona,202511,1693731,1579905,113826,741576,952155,U,2025-11
AZ,Arizona,202512,1678092,1565458,112634,734622,943470,P,2025-12
AZ,Arizona,202512,1678092,1565458,112634,734622,943470,U,2025-12
AZ,Arizona,202601,1662690,1550145,112545,728611,934079,P,2026-01
CA,California,202501,13382585,12152033,1230552,4976780,8405805,P,2025-01
CA,California,202501,13507653,12268267,1239386,5021152,8486501,U,2025-01
CA,California,202502,13362845,12136865,1225980,4962639,8400206,P,2025-02
CA,California,202502,13498666,12262804,1235862,5010702,8487964,U,2025-02
CA,California,202503,13392566,12164108,1228458,4969848,8422718,P,2025-03
CA,California,202503,13476132,12241886,1234246,4998839,8477293,U,2025-03
CA,California,202504,13334947,12111973,1222974,4943305,8391642,P,2025-04
CA,California,202504,13429081,12199798,1229283,4976086,8452995,U,2025-04
CA,California,202505,13305471,12086295,1219176,4929202,8376269,P,2025-05
CA,California,202505,13409214,12183309,1225905,4965106,8444108,U,2025-05
CA,California,202506,13310060,12088385,1221675,4922603,8387457,P,2025-06
CA,California,202506,13382455,12156059,1226396,4947634,8434821,U,2025-06
CA,California,202507,13297637,12075354,1222283,4911147,8386490,P,2025-07
CA,California,202507,13394082,12165425,1228657,4945975,8448107,U,2025-07
CA,California,202508,13226087,11999597,1226490,4897448,8328639,P,2025-08
CA,California,202508,13292415,12061800,1230615,4920461,8371954,U,2025-08
CA,California,202509,13127822,11896822,1231000,4863003,8264819,P,2025-09
CA,California,202509,13214259,11978256,1236003,4892268,8321991,U,2025-09
CA,California,202510,13065328,11826775,1238553,4835377,8229951,P,2025-10
CA,California,202510,13189926,11944258,1245668,4875302,8314624,U,2025-10
CA,California,202511,12707174,11487459,1219715,4625685,8081489,P,2025-11
CA,California,202511,12778416,11554412,1224004,4646928,8131488,U,2025-11
CA,California,202512,12649707,11420961,1228746,4603626,8046081,P,2025-12
CA,California,202512,12731627,11498458,1233169,4628424,8103203,U,2025-12
CA,California,202601,12555434,11317458,1237976,4582795,7972639,P,2026-01
CO,Colorado,202501,1208864,1070533,138331,527528,681336,P,2025-01
CO,Colorado,202501,1208864,1070533,138331,527528,681336,U,2025-01
CO,Colorado,202502,1190587,1053521,137066,519049,671538,P,2025-02
CO,Colorado,202502,1201137,1064925,136212,523012,678125,U,2025-02
CO,Colorado,202503,1191549,1055023,136526,519089,672460,P,2025-03
CO,Colorado,202503,1203155,1067615,135540,523572,679583,U,2025-03
CO,Colorado,202504,1196520,1065939,130581,520668,675852,P,2025-04
CO,Colorado,202504,1204829,1074866,129963,523720,681109,U,2025-04
CO,Colorado,202505,1191958,1065822,126136,519327,672631,P,2025-05
CO,Colorado,202505,1200945,1074751,126194,522353,678592,U,2025-05
CO,Colorado,202506,1193176,1068627,124549,520489,672687,P,2025-06
CO,Colorado,202506,1202014,1076432,125582,523232,678782,U,2025-06
CO,Colorado,202507,1194665,1070714,123951,520595,674070,P,2025-07
CO,Colorado,202507,1205045,1080236,124809,525033,680012,U,2025-07
CO,Colorado,202508,1196877,1073465,123412,522879,673998,P,2025-08
CO,Colorado,202508,1228359,1082131,146228,544866,683493,U,2025-08
CO,Colorado,202509,1197220,1057804,139416,524619,672601,P,2025-09
CO,Colorado,202509,1197220,1057804,139416,524619,672601,U,2025-09
CO,Colorado,202510,1191047,1051871,139176,522907,668140,P,2025-10
CO,Colorado,202510,1192039,1053380,138659,521948,670091,U,2025-10
CO,Colorado,202511,1173577,1035929,137648,516819,656758,P,2025-11
CO,Colorado,202511,1186276,1046707,139569,524467,661809,U,2025-11
CO,Colorado,202512,1184326,1044247,140079,524097,660229,P,2025-12
CO,Colorado,202512,1193308,1052954,140354,526651,666657,U,2025-12
CO,Colorado,202601,1188887,1048404,140483,524667,664220,P,2026-01
CT,Connecticut,202501,928986,904915,24071,370497,558489,P,2025-01
CT,Connecticut,202501,929983,905866,24117,369543,560440,U,2025-01
CT,Connecticut,202502,928254,903917,24337,370269,557985,P,2025-02
CT,Connecticut,202502,929063,904678,24385,369320,559743,U,2025-02
CT,Connecticut,202503,926905,902188,24717,370436,556469,P,2025-03
CT,Connecticut,202503,927823,903080,24743,369456,558367,U,2025-03
CT,Connecticut,202504,918951,893834,25117,368336,550615,P,2025-04
CT,Connecticut,202504,920084,894937,25147,367310,552774,U,2025-04
CT,Connecticut,202505,917261,892022,25239,367847,549414,P,2025-05
CT,Connecticut,202505,918345,893063,25282,366898,551447,U,2025-05
CT,Connecticut,202506,915068,890047,25021,367127,547941,P,2025-06
CT,Connecticut,202506,916189,891132,25057,366124,550065,U,2025-06
CT,Connecticut,202507,914739,889753,24986,367292,547447,P,2025-07
CT,Connecticut,202507,915836,890819,25017,366242,549594,U,2025-07
CT,Connecticut,202508,913826,889042,24784,367199,546627,P,2025-08
CT,Connecticut,202508,915136,890315,24821,366256,548880,U,2025-08
CT,Connecticut,202509,913408,888643,24765,367264,546144,P,2025-09
CT,Connecticut,202509,914518,889736,24782,366153,548365,U,2025-09
CT,Connecticut,202510,911816,887046,24770,366608,545208,P,2025-10
CT,Connecticut,202510,913090,888296,24794,365506,547584,U,2025-10
CT,Connecticut,202511,905929,880916,25013,365339,540590,P,2025-11
CT,Connecticut,202511,907051,882013,25038,364332,542719,U,2025-11
CT,Connecticut,202512,905885,880562,25323,365119,540766,P,2025-12
CT,Connecticut,202512,907009,881656,25353,365326,541683,U,2025-12
CT,Connecticut,202601,905638,880077,25561,365023,540615,P,2026-01
DC,District of Columbia,202501,257333,239963,17370,95997,161336,P,2025-01
DC,District of Columbia,202501,259022,241590,17432,96594,162428,U,2025-01
DC,District of Columbia,202502,258221,240877,17344,95920,162301,P,2025-02
DC,District of Columbia,202502,260125,242721,17404,96545,163580,U,2025-02
DC,District of Columbia,202503,259493,242059,17434,96167,163326,P,2025-03
DC,District of Columbia,202503,261474,243989,17485,96746,164728,U,2025-03
DC,District of Columbia,202504,259116,241663,17453,96064,163052,P,2025-04
DC,District of Columbia,202504,261668,244138,17530,97162,164506,U,2025-04
DC,District of Columbia,202505,258770,241337,17433,96094,162676,P,2025-05
DC,District of Columbia,202505,260734,243211,17523,96850,163884,U,2025-05
DC,District of Columbia,202506,257586,240162,17424,95775,161811,P,2025-06
DC,District of Columbia,202506,260002,242480,17522,96703,163299,U,2025-06
DC,District of Columbia,202507,257763,240384,17379,95635,162128,P,2025-07
DC,District of Columbia,202507,259767,242427,17340,96458,163309,U,2025-07
DC,District of Columbia,202508,256737,239692,17045,95036,161701,P,2025-08
DC,District of Columbia,202508,258668,241742,16926,95802,162866,U,2025-08
DC,District of Columbia,202509,258470,242158,16312,95487,162983,P,2025-09
DC,District of Columbia,202509,258880,242408,16472,95682,163198,U,2025-09
DC,District of Columbia,202510,257703,241418,16285,94918,162785,P,2025-10
DC,District of Columbia,202510,259301,242920,16381,95532,163769,U,2025-10
DC,District of Columbia,202511,256709,240545,16164,94417,162292,P,2025-11
DC,District of Columbia,202511,258617,242274,16343,95233,163384,U,2025-11
DC,District of Columbia,202512,256933,240649,16284,94241,162692,P,2025-12
DC,District of Columbia,202512,258572,242180,16392,94886,163686,U,2025-12
DC,District of Columbia,202601,237274,221109,16165,93257,144017,P,2026-01
DE,Delaware,202501,247850,235074,12776,110002,137848,P,2025-01
DE,Delaware,202501,247850,235074,12776,110002,137848,U,2025-01
DE,Delaware,202502,247850,234793,13057,109994,137856,P,2025-02
DE,Delaware,202502,247850,234793,13057,109994,137856,U,2025-02
DE,Delaware,202503,247380,234184,13196,109611,137769,P,2025-03
DE,Delaware,202503,247380,234184,13196,109611,137769,U,2025-03
DE,Delaware,202504,246306,232967,13339,108795,137511,P,2025-04
DE,Delaware,202504,246306,232967,13339,108795,137511,U,2025-04
DE,Delaware,202505,245472,232080,13392,108660,136812,P,2025-05
DE,Delaware,202505,245472,232080,13392,108660,136812,U,2025-05
DE,Delaware,202506,244962,231565,13397,108326,136636,P,2025-06
DE,Delaware,202506,244962,231565,13397,108326,136636,U,2025-06
DE,Delaware,202507,244501,231021,13480,108170,136331,P,2025-07
DE,Delaware,202507,244501,231021,13480,108170,136331,U,2025-07
DE,Delaware,202508,244057,230525,13532,107955,136102,P,2025-08
DE,Delaware,202508,244057,230525,13532,107955,136102,U,2025-08
DE,Delaware,202509,243805,230166,13639,107967,135838,P,2025-09
DE,Delaware,202509,243805,230166,13639,107967,135838,U,2025-09
DE,Delaware,202510,242745,228908,13837,107720,135025,P,2025-10
DE,Delaware,202510,242745,228908,13837,107720,135025,U,2025-10
DE,Delaware,202511,241168,227234,13934,107084,134084,P,2025-11
DE,Delaware,202511,241168,227234,13934,107084,134084,U,2025-11
DE,Delaware,202512,240456,226467,13989,106707,133749,P,2025-12
DE,Delaware,202512,240456,226467,13989,106707,133749,U,2025-12
DE,Delaware,202601,239213,225267,13946,106101,133112,P,2026-01
FL,Florida,202501,3739787,3572785,167002,2425098,1314689,P,2025-01
FL,Florida,202501,3739787,3572785,167002,2425098,1314689,U,2025-01
FL,Florida,202502,3737528,3570363,167165,2420757,1316771,P,2025-02
FL,Florida,202502,3737528,3570363,167165,2420757,1316771,U,2025-02
FL,Florida,202503,3735641,3569105,166536,2417786,1317855,P,2025-03
FL,Florida,202503,3735641,3569105,166536,2417786,1317855,U,2025-03
FL,Florida,202504,3715495,3547116,168379,2408879,1306616,P,2025-04
FL,Florida,202504,3715495,3547116,168379,2408879,1306616,U,2025-04
FL,Florida,202505,3699610,3532443,167167,2397034,1302576,P,2025-05
FL,Florida,202505,3699610,3532443,167167,2397034,1302576,U,2025-05
FL,Florida,202506,3695066,3529355,165711,2391614,1303452,P,2025-06
FL,Florida,202506,3695066,3529355,165711,2391614,1303452,U,2025-06
FL,Florida,202507,3671259,3506368,164891,2377877,1293382,P,2025-07
FL,Florida,202507,3671259,3506368,164891,2377877,1293382,U,2025-07
FL,Florida,202508,3674391,3509167,165224,2377844,1296547,P,2025-08
FL,Florida,202508,3674391,3509167,165224,2377844,1296547,U,2025-08
FL,Florida,202509,3639607,3476089,163518,2342269,1297338,P,2025-09
FL,Florida,202509,3639607,3476089,163518,2342269,1297338,U,2025-09
FL,Florida,202510,3648091,3485075,163016,2355956,1292135,P,2025-10
FL,Florida,202510,3648091,3485075,163016,2355956,1292135,U,2025-10
FL,Florida,202511,3611012,3447907,163105,2331122,1279890,P,2025-11
FL,Florida,202511,3611012,3447907,163105,2331122,1279890,U,2025-11
FL,Florida,202512,3592110,3431155,160955,2317039,1275071,P,2025-12
FL,Florida,202512,3592110,3431155,160955,2317039,1275071,U,2025-12
FL,Florida,202601,3588652,3425630,163022,2312874,1275778,P,2026-01
GA,Georgia,202501,1921568,1693674,227894,1368355,553213,P,2025-01
GA,Georgia,202501,1953358,1722003,231355,1389466,563892,U,2025-01
GA,Georgia,202502,1915897,1692124,223773,1363747,552150,P,2025-02
GA,Georgia,202502,1948393,1719287,229106,1385786,562607,U,2025-02
GA,Georgia,202503,1911901,1692305,219596,1359680,552221,P,2025-03
GA,Georgia,202503,1943066,1720148,222918,1380081,562985,U,2025-03
GA,Georgia,202504,1903058,1700444,202614,1350831,552227,P,2025-04
GA,Georgia,202504,1934702,1727644,207058,1372054,562648,U,2025-04
GA,Georgia,202505,1897250,1697691,199559,1345845,551405,P,2025-05
GA,Georgia,202505,1927756,1723236,204520,1366715,561041,U,2025-05
GA,Georgia,202506,1895148,1696933,198215,1342884,552264,P,2025-06
GA,Georgia,202506,1921784,1719814,201970,1360738,561046,U,2025-06
GA,Georgia,202507,1893400,1698030,195370,1338353,555047,P,2025-07
GA,Georgia,202507,1919391,1720189,199202,1357783,561608,U,2025-07
GA,Georgia,202508,1875761,1683482,192279,1328542,547219,P,2025-08
GA,Georgia,202508,1904949,1708613,196336,1347840,557109,U,2025-08
GA,Georgia,202509,1877263,1686876,190387,1328567,548696,P,2025-09
GA,Georgia,202509,1906009,1711876,194133,1346558,559451,U,2025-09
GA,Georgia,202510,1872027,1684015,188012,1322796,549231,P,2025-10
GA,Georgia,202510,1895046,1703918,191128,1337670,557376,U,2025-10
GA,Georgia,202511,1861874,1676629,185245,1314554,547320,P,2025-11
GA,Georgia,202511,1888985,1698374,190611,1332431,556554,U,2025-11
GA,Georgia,202512,1855242,1669742,185500,1307613,547629,P,2025-12
GA,Georgia,202512,1882498,1692481,190017,1325119,557379,U,2025-12
GA,Georgia,202601,1851524,1668068,183456,1303671,547853,P,2026-01
HI,Hawaii,202501,404446,381226,23220,154859,249587,P,2025-01
HI,Hawaii,202501,404525,381302,23223,154938,249587,U,2025-01
HI,Hawaii,202502,403358,379898,23460,154805,248553,P,2025-02
HI,Hawaii,202502,403422,379959,23463,154869,248553,U,2025-02
HI,Hawaii,202503,401395,377913,23482,154472,246923,P,2025-03
HI,Hawaii,202503,401480,377995,23485,154557,246923,U,2025-03
HI,Hawaii,202504,399328,375631,23697,154209,245119,P,2025-04
HI,Hawaii,202504,399412,375712,23700,154292,245120,U,2025-04
HI,Hawaii,202505,395749,372067,23682,153317,242432,P,2025-05
HI,Hawaii,202505,395873,372190,23683,153441,242432,U,2025-05
HI,Hawaii,202506,393950,370377,23573,152469,241481,P,2025-06
HI,Hawaii,202506,394045,370469,23576,152564,241481,U,2025-06
HI,Hawaii,202507,392838,369289,23549,152235,240603,P,2025-07
HI,Hawaii,202507,392938,369385,23553,152335,240603,U,2025-07
HI,Hawaii,202508,391572,367869,23703,152285,239287,P,2025-08
HI,Hawaii,202508,391691,367988,23703,152403,239288,U,2025-08
HI,Hawaii,202509,390181,366223,23958,152458,237723,P,2025-09
HI,Hawaii,202509,390360,366401,23959,152558,237802,U,2025-09
HI,Hawaii,202510,389941,365871,24070,152533,237408,P,2025-10
HI,Hawaii,202510,390044,365969,24075,152634,237410,U,2025-10
HI,Hawaii,202511,388979,364636,24343,152629,236350,P,2025-11
HI,Hawaii,202511,389135,364787,24348,152784,236351,U,2025-11
HI,Hawaii,202512,388083,363321,24762,152977,235106,P,2025-12
HI,Hawaii,202512,388228,363466,24762,153121,235107,U,2025-12
HI,Hawaii,202601,387938,362596,25342,153346,234592,P,2026-01
IA,Iowa,202501,673986,588601,85385,336152,337834,P,2025-01
IA,Iowa,202501,682489,596380,86109,339723,342766,U,2025-01
IA,Iowa,202502,674339,588650,85689,336065,338274,P,2025-02
IA,Iowa,202502,682234,595865,86369,339545,342689,U,2025-02
IA,Iowa,202503,669848,584368,85480,333520,336328,P,2025-03
IA,Iowa,202503,677395,591157,86238,337270,340125,U,2025-03
IA,Iowa,202504,669456,583896,85560,334160,335296,P,2025-04
IA,Iowa,202504,675144,589030,86114,336939,338205,U,2025-04
IA,Iowa,202505,667082,581124,85958,333083,333999,P,2025-05
IA,Iowa,202505,673680,587212,86468,336454,337226,U,2025-05
IA,Iowa,202506,667468,581583,85885,333422,334046,P,2025-06
IA,Iowa,202506,671287,585095,86192,335410,335877,U,2025-06
IA,Iowa,202507,664883,579426,85457,332020,332863,P,2025-07
IA,Iowa,202507,671481,585421,86060,335416,336065,U,2025-07
IA,Iowa,202508,666186,580369,85817,332473,333713,P,2025-08
IA,Iowa,202508,671247,584895,86352,335177,336070,U,2025-08
IA,Iowa,202509,666889,581470,85419,332342,334547,P,2025-09
IA,Iowa,202509,672580,586619,85961,335297,337283,U,2025-09
IA,Iowa,202510,666800,581518,85282,331835,334965,P,2025-10
IA,Iowa,202510,671561,585871,85690,334222,337339,U,2025-10
IA,Iowa,202511,664809,579963,84846,330017,334792,P,2025-11
IA,Iowa,202511,670680,585282,85398,332701,337979,U,2025-11
IA,Iowa,202512,665421,580449,84972,329791,335630,P,2025-12
IA,Iowa,202512,671552,586048,85504,332433,339119,U,2025-12
IA,Iowa,202601,664765,580005,84760,329393,335372,P,2026-01
ID,Idaho,202501,318132,297818,20314,157275,160857,P,2025-01
ID,Idaho,202501,321003,300476,20527,158620,162383,U,2025-01
ID,Idaho,202502,317072,296854,20218,156789,160283,P,2025-02
ID,Idaho,202502,320307,299878,20429,158340,161967,U,2025-02
ID,Idaho,202503,317948,297750,20198,156771,161177,P,2025-03
ID,Idaho,202503,321720,301261,20459,158566,163154,U,2025-03
ID,Idaho,202504,318432,298536,19896,156533,161899,P,2025-04
ID,Idaho,202504,320470,300434,20036,157521,162949,U,2025-04
ID,Idaho,202505,316465,296736,19729,155634,160831,P,2025-05
ID,Idaho,202505,318814,298932,19882,156736,162078,U,2025-05
ID,Idaho,202506,314833,295312,19521,154404,160429,P,2025-06
ID,Idaho,202506,315910,296251,19659,155389,160521,U,2025-06
ID,Idaho,202507,314187,294759,19428,153906,160281,P,2025-07
ID,Idaho,202507,316230,296661,19569,154901,161329,U,2025-07
ID,Idaho,202508,312098,292867,19231,152782,159316,P,2025-08
ID,Idaho,202508,315337,295855,19482,154400,160937,U,2025-08
ID,Idaho,202509,312698,293370,19328,152888,159810,P,2025-09
ID,Idaho,202509,315251,295732,19519,154108,161143,U,2025-09
ID,Idaho,202510,312807,293367,19440,152556,160251,P,2025-10
ID,Idaho,202510,314788,295134,19654,153471,161317,U,2025-10
ID,Idaho,202511,310481,291035,19446,151529,158952,P,2025-11
ID,Idaho,202511,313479,293777,19702,152921,160558,U,2025-11
ID,Idaho,202512,311257,291590,19667,151739,159518,P,2025-12
ID,Idaho,202512,313952,294104,19848,153043,160909,U,2025-12
ID,Idaho,202601,310464,290877,19587,151205,159259,P,2026-01
IL,Illinois,202501,3191264,2899135,292129,1425173,1766091,P,2025-01
IL,Illinois,202501,3211905,2918728,293177,1433357,1778548,U,2025-01
IL,Illinois,202502,3168689,2874704,293985,1416856,1751833,P,2025-02
IL,Illinois,202502,3204871,2908569,296302,1427469,1777402,U,2025-02
IL,Illinois,202503,3166322,2868206,298116,1411258,1755064,P,2025-03
IL,Illinois,202503,3194479,2894353,300126,1421827,1772652,U,2025-03
IL,Illinois,202504,3146295,2849911,296384,1404730,1741565,P,2025-04
IL,Illinois,202504,3166113,2868482,297631,1411821,1754292,U,2025-04
IL,Illinois,202505,3125044,2826100,298944,1395767,1729277,P,2025-05
IL,Illinois,202505,3143847,2843834,300013,1402845,1741002,U,2025-05
IL,Illinois,202506,3104051,2802704,301347,1387859,1716192,P,2025-06
IL,Illinois,202506,3122783,2820385,302398,1395133,1727650,U,2025-06
IL,Illinois,202507,3092838,2789633,303205,1384763,1708075,P,2025-07
IL,Illinois,202507,3113340,2809169,304171,1392924,1720416,U,2025-07
IL,Illinois,202508,3083535,2778307,305228,1381429,1702106,P,2025-08
IL,Illinois,202508,3103271,2797602,305669,1389220,1714051,U,2025-08
IL,Illinois,202509,3067497,2760467,307030,1376200,1691297,P,2025-09
IL,Illinois,202509,3081581,2773141,308440,1381460,1700121,U,2025-09
IL,Illinois,202510,3041306,2731730,309576,1365759,1675547,P,2025-10
IL,Illinois,202510,3055971,2743539,312432,1371355,1684616,U,2025-10
IL,Illinois,202511,3018004,2702533,315471,1357885,1660119,P,2025-11
IL,Illinois,202511,3038514,2719408,319106,1365826,1672688,U,2025-11
IL,Illinois,202512,3000140,2681804,318336,1351821,1648319,P,2025-12
IL,Illinois,202512,3023402,2700951,322451,1360114,1663288,U,2025-12
IL,Illinois,202601,2992984,2672120,320864,1347296,1645688,P,2026-01
IN,Indiana,202501,1760469,1619189,141280,815053,945416,P,2025-01
IN,Indiana,202501,1779742,1637502,142240,824371,955371,U,2025-01
IN,Indiana,202502,1767758,1625938,141820,819476,948282,P,2025-02
IN,Indiana,202502,1777256,1634823,142433,824101,953155,U,2025-02
IN,Indiana,202503,1763215,1623383,139832,817886,945329,P,2025-03
IN,Indiana,202503,1781352,1633331,148021,827248,954104,U,2025-03
IN,Indiana,202504,1752357,1605916,146441,817040,935317,P,2025-04
IN,Indiana,202504,1754412,1608177,146235,818046,936366,U,2025-04
IN,Indiana,202505,1744789,1600505,144284,829031,915758,P,2025-05
IN,Indiana,202505,1725367,1580144,145223,813022,912345,U,2025-05
IN,Indiana,202506,1666284,1530831,135453,778785,887499,P,2025-06
IN,Indiana,202506,1683055,1546043,137012,787771,895284,U,2025-06
IN,Indiana,202507,1667236,1536839,130397,783954,883282,P,2025-07
IN,Indiana,202507,1656610,1523457,133153,776169,880441,U,2025-07
IN,Indiana,202508,1640743,1513954,126789,770271,870472,P,2025-08
IN,Indiana,202508,1622884,1494002,128882,758517,864367,U,2025-08
IN,Indiana,202509,1586568,1461584,124984,738802,847766,P,2025-09
IN,Indiana,202509,1598756,1472252,126504,745746,853010,U,2025-09
IN,Indiana,202510,1598204,1474398,123806,749606,848598,P,2025-10
IN,Indiana,202510,1587156,1460721,126435,740602,846554,U,2025-10
IN,Indiana,202511,1541074,1416908,124166,718187,822887,P,2025-11
IN,Indiana,202511,1557726,1431868,125858,726884,830842,U,2025-11
IN,Indiana,202512,1511819,1389092,122727,703263,808556,P,2025-12
IN,Indiana,202512,1538217,1412073,126144,717082,821135,U,2025-12
IN,Indiana,202601,1457607,1335294,122313,694304,763303,P,2026-01
KS,Kansas,202501,412756,335648,77108,283939,128817,P,2025-01
KS,Kansas,202501,421410,344329,77081,288099,133311,U,2025-01
KS,Kansas,202502,414771,337643,77128,285878,128893,P,2025-02
KS,Kansas,202502,421277,344365,76912,288706,132571,U,2025-02
KS,Kansas,202503,413286,336874,76412,285554,127732,P,2025-03
KS,Kansas,202503,420105,343671,76434,288536,131569,U,2025-03
KS,Kansas,202504,413091,337071,76020,285970,127121,P,2025-04
KS,Kansas,202504,419550,343628,75922,288846,130704,U,2025-04
KS,Kansas,202505,405297,330456,74841,281194,124103,P,2025-05
KS,Kansas,202505,414776,339887,74889,286001,128775,U,2025-05
KS,Kansas,202506,406042,331812,74230,282128,123914,P,2025-06
KS,Kansas,202506,413182,339002,74180,285282,127900,U,2025-06
KS,Kansas,202507,401573,328117,73456,279722,121851,P,2025-07
KS,Kansas,202507,409987,336575,73412,283705,126282,U,2025-07
KS,Kansas,202508,401051,327782,73269,279775,121276,P,2025-08
KS,Kansas,202508,409720,336484,73236,284134,125586,U,2025-08
KS,Kansas,202509,400875,327974,72901,279735,121140,P,2025-09
KS,Kansas,202509,407568,334795,72773,282827,124741,U,2025-09
KS,Kansas,202510,401600,328648,72952,278035,123565,P,2025-10
KS,Kansas,202510,408565,335844,72721,281058,127507,U,2025-10
KS,Kansas,202511,399717,327099,72618,276952,122765,P,2025-11
KS,Kansas,202511,407624,335135,72489,280589,127035,U,2025-11
KS,Kansas,202512,398119,325529,72590,276016,122103,P,2025-12
KS,Kansas,202512,404849,332430,72419,279336,125513,U,2025-12
KS,Kansas,202601,399284,326481,72803,277116,122168,P,2026-01
KY,Kentucky,202501,1377997,1243138,134859,626384,751613,P,2025-01
KY,Kentucky,202501,1384411,1249299,135112,628145,756266,U,2025-01
KY,Kentucky,202502,1376274,1241262,135012,626206,750068,P,2025-02
KY,Kentucky,202502,1383093,1247786,135307,628069,755024,U,2025-02
KY,Kentucky,202503,1374261,1237822,136439,627081,747180,P,2025-03
KY,Kentucky,202503,1380611,1243884,136727,628836,751775,U,2025-03
KY,Kentucky,202504,1375008,1242901,132107,627293,747715,P,2025-04
KY,Kentucky,202504,1381447,1249062,132385,628926,752521,U,2025-04
KY,Kentucky,202505,1370622,1238838,131784,626399,744223,P,2025-05
KY,Kentucky,202505,1376902,1244849,132053,628088,748814,U,2025-05
KY,Kentucky,202506,1365046,1231594,133452,625839,739207,P,2025-06
KY,Kentucky,202506,1371559,1237894,133665,627558,744001,U,2025-06
KY,Kentucky,202507,1364688,1230370,134318,626588,738100,P,2025-07
KY,Kentucky,202507,1370654,1236124,134530,628192,742462,U,2025-07
KY,Kentucky,202508,1359398,1224701,134697,625983,733415,P,2025-08
KY,Kentucky,202508,1365810,1230861,134949,627769,738041,U,2025-08
KY,Kentucky,202509,1357976,1221762,136214,624924,733052,P,2025-09
KY,Kentucky,202509,1364425,1227929,136496,626665,737760,U,2025-09
KY,Kentucky,202510,1347898,1212561,135337,619007,728891,P,2025-10
KY,Kentucky,202510,1352717,1217122,135595,620415,732302,U,2025-10
KY,Kentucky,202511,1328792,1196443,132349,605224,723568,P,2025-11
KY,Kentucky,202511,1333620,1200890,132730,607200,726420,U,2025-11
KY,Kentucky,202512,1321415,1188548,132867,601664,719751,P,2025-12
KY,Kentucky,202512,1327761,1194495,133266,603682,724079,U,2025-12
KY,Kentucky,202601,1319061,1185030,134031,599606,719455,P,2026-01
LA,Louisiana,202501,1514598,1368127,146471,706905,807693,P,2025-01
LA,Louisiana,202501,1527109,1379725,147384,711428,815681,U,2025-01
LA,Louisiana,202502,1517287,1370564,146723,707834,809453,P,2025-02
LA,Louisiana,202502,1526099,1378667,147432,711394,814705,U,2025-02
LA,Louisiana,202503,1510058,1364557,145501,706906,803152,P,2025-03
LA,Louisiana,202503,1518605,1372332,146273,710814,807791,U,2025-03
LA,Louisiana,202504,1496993,1351554,145439,706137,790856,P,2025-04
LA,Louisiana,202504,1505887,1359775,146112,709805,796082,U,2025-04
LA,Louisiana,202505,1485753,1341985,143768,703964,781789,P,2025-05
LA,Louisiana,202505,1494228,1349845,144383,707256,786972,U,2025-05
LA,Louisiana,202506,1470268,1328493,141775,700799,769469,P,2025-06
LA,Louisiana,202506,1480362,1337888,142474,704766,775596,U,2025-06
LA,Louisiana,202507,1453151,1312113,141038,697873,755278,P,2025-07
LA,Louisiana,202507,1462342,1320698,141644,701503,760839,U,2025-07
LA,Louisiana,202508,1444802,1304615,140187,696073,748729,P,2025-08
LA,Louisiana,202508,1454019,1313190,140829,699756,754263,U,2025-08
LA,Louisiana,202509,1440337,1300606,139731,694024,746313,P,2025-09
LA,Louisiana,202509,1451091,1310796,140295,697394,753697,U,2025-09
LA,Louisiana,202510,1421099,1281806,139293,690425,730674,P,2025-10
LA,Louisiana,202510,1428636,1288804,139832,693031,735605,U,2025-10
LA,Louisiana,202511,1404514,1267155,137359,683751,720763,P,2025-11
LA,Louisiana,202511,1412524,1274536,137988,686739,725785,U,2025-11
LA,Louisiana,202512,1394638,1257317,137321,679336,715302,P,2025-12
LA,Louisiana,202512,1403139,1265315,137824,682370,720769,U,2025-12
LA,Louisiana,202601,1385567,1248524,137043,677406,708161,P,2026-01
MA,Massachusetts,202501,1628951,1440358,188593,696276,932675,P,2025-01
MA,Massachusetts,202501,1649572,1458215,191357,700811,948761,U,2025-01
MA,Massachusetts,202502,1639015,1445420,193595,698759,940256,P,2025-02
MA,Massachusetts,202502,1643390,1449743,193647,699464,943926,U,2025-02
MA,Massachusetts,202503,1628063,1437878,190185,695986,932077,P,2025-03
MA,Massachusetts,202503,1638219,1447002,191217,698659,939560,U,2025-03
MA,Massachusetts,202504,1616929,1428427,188502,690954,925975,P,2025-04
MA,Massachusetts,202504,1627008,1437219,189789,694224,932784,U,2025-04
MA,Massachusetts,202505,1602272,1415323,186949,687912,914360,P,2025-05
MA,Massachusetts,202505,1618344,1428803,189541,691835,926509,U,2025-05
MA,Massachusetts,202506,1596316,1409935,186381,686070,910246,P,2025-06
MA,Massachusetts,202506,1612336,1423645,188691,689551,922785,U,2025-06
MA,Massachusetts,202507,1593923,1408008,185915,684789,909134,P,2025-07
MA,Massachusetts,202507,1608884,1420646,188238,688821,920063,U,2025-07
MA,Massachusetts,202508,1591961,1405878,186083,685118,906843,P,2025-08
MA,Massachusetts,202508,1600469,1413708,186761,686597,913872,U,2025-08
MA,Massachusetts,202509,1599046,1411397,187649,689076,909970,P,2025-09
MA,Massachusetts,202509,1599046,1411397,187649,689076,909970,U,2025-09
MA,Massachusetts,202510,1595952,1406479,189473,692117,903835,P,2025-10
MA,Massachusetts,202510,1602141,1409698,192443,692440,909701,U,2025-10
MA,Massachusetts,202511,1591611,1399802,191809,691675,899936,P,2025-11
MA,Massachusetts,202511,1598183,1405793,192390,691630,906553,U,2025-11
MA,Massachusetts,202512,1580723,1389522,191201,686697,894026,P,2025-12
MA,Massachusetts,202512,1588695,1396994,191701,687091,901604,U,2025-12
MA,Massachusetts,202601,1574688,1386431,188257,682951,891737,P,2026-01
MD,Maryland,202501,1463672,1265723,197949,677085,786587,P,2025-01
MD,Maryland,202501,1477244,1277393,199851,684151,793093,U,2025-01
MD,Maryland,202502,1448700,1248776,199924,674950,773750,P,2025-02
MD,Maryland,202502,1460943,1258976,201967,682159,778784,U,2025-02
MD,Maryland,202503,1441706,1239063,202643,676518,765188,P,2025-03
MD,Maryland,202503,1453118,1248720,204398,682942,770176,U,2025-03
MD,Maryland,202504,1436017,1231619,204398,678643,757374,P,2025-04
MD,Maryland,202504,1444536,1238876,205660,683578,760958,U,2025-04
MD,Maryland,202505,1427159,1222202,204957,678193,748966,P,2025-05
MD,Maryland,202505,1434297,1228521,205776,682133,752164,U,2025-05
MD,Maryland,202506,1425494,1221317,204177,677271,748223,P,2025-06
MD,Maryland,202506,1433995,1228932,205063,681758,752237,U,2025-06
MD,Maryland,202507,1415241,1213098,202143,674389,740852,P,2025-07
MD,Maryland,202507,1424578,1221209,203369,679068,745510,U,2025-07
MD,Maryland,202508,1413841,1212586,201255,674343,739498,P,2025-08
MD,Maryland,202508,1421219,1219178,202041,678222,742997,U,2025-08
MD,Maryland,202509,1411986,1212284,199702,673859,738127,P,2025-09
MD,Maryland,202509,1419315,1218641,200674,677589,741726,U,2025-09
MD,Maryland,202510,1404754,1207260,197494,671744,733010,P,2025-10
MD,Maryland,202510,1410807,1212370,198437,674948,735859,U,2025-10
MD,Maryland,202511,1399649,1202664,196985,669585,730064,P,2025-11
MD,Maryland,202511,1407895,1209670,198225,673736,734159,U,2025-11
MD,Maryland,202512,1397431,1200810,196621,668222,729209,P,2025-12
MD,Maryland,202512,1406894,1208676,198218,672924,733970,U,2025-12
MD,Maryland,202601,1393673,1197502,196171,665959,727714,P,2026-01
ME,Maine,202501,342837,319992,22845,139322,203515,P,2025-01
ME,Maine,202501,345420,317587,27833,140275,205145,U,2025-01
ME,Maine,202502,342604,315312,27292,139430,203174,P,2025-02
ME,Maine,202502,345419,318229,27190,140494,204925,U,2025-02
ME,Maine,202503,344034,316356,27678,140315,203719,P,2025-03
ME,Maine,202503,346294,318636,27658,141167,205127,U,2025-03
ME,Maine,202504,343711,316277,27434,140553,203158,P,2025-04
ME,Maine,202504,345544,318177,27367,141243,204301,U,2025-04
ME,Maine,202505,342828,315417,27411,140600,202228,P,2025-05
ME,Maine,202505,344515,317135,27380,141279,203236,U,2025-05
ME,Maine,202506,341847,314443,27404,140517,201330,P,2025-06
ME,Maine,202506,343303,315919,27384,141046,202257,U,2025-06
ME,Maine,202507,341323,313715,27608,140518,200805,P,2025-07
ME,Maine,202507,343220,315529,27691,141215,202005,U,2025-07
ME,Maine,202508,341281,313680,27601,140559,200722,P,2025-08
ME,Maine,202508,343306,315678,27628,141304,202002,U,2025-08
ME,Maine,202509,340411,312910,27501,140280,200131,P,2025-09
ME,Maine,202509,342717,315226,27491,141103,201614,U,2025-09
ME,Maine,202510,339689,312151,27538,139804,199885,P,2025-10
ME,Maine,202510,341564,313956,27608,140508,201056,U,2025-10
ME,Maine,202511,337898,310469,27429,139199,198699,P,2025-11
ME,Maine,202511,341522,314237,27285,140469,201053,U,2025-11
ME,Maine,202512,337745,310609,27136,139262,198483,P,2025-12
ME,Maine,202512,339610,312572,27038,139930,199680,U,2025-12
ME,Maine,202601,335183,313752,21431,138550,196633,P,2026-01
MI,Michigan,202501,2377422,2204237,173185,923569,1453853,P,2025-01
MI,Michigan,202501,2405020,2229690,175330,932296,1472724,U,2025-01
MI,Michigan,202502,2376206,2202339,173867,923366,1452840,P,2025-02
MI,Michigan,202502,2402378,2226546,175832,931117,1471261,U,2025-02
MI,Michigan,202503,2374908,2200295,174613,922434,1452474,P,2025-03
MI,Michigan,202503,2397016,2220841,176175,929703,1467313,U,2025-03
MI,Michigan,202504,2359222,2185208,174014,918398,1440824,P,2025-04
MI,Michigan,202504,2384020,2208236,175784,926476,1457544,U,2025-04
MI,Michigan,202505,2348322,2176658,171664,915765,1432557,P,2025-05
MI,Michigan,202505,2367798,2194757,173041,921916,1445882,U,2025-05
MI,Michigan,202506,2335526,2165058,170468,911735,1423791,P,2025-06
MI,Michigan,202506,2356885,2184986,171899,918790,1438095,U,2025-06
MI,Michigan,202507,2324469,2155478,168991,908322,1416147,P,2025-07
MI,Michigan,202507,2349132,2178393,170739,916551,1432581,U,2025-07
MI,Michigan,202508,2323530,2154636,168894,908160,1415370,P,2025-08
MI,Michigan,202508,2349062,2178293,170769,917093,1431969,U,2025-08
MI,Michigan,202509,2324379,2155035,169344,908188,1416191,P,2025-09
MI,Michigan,202509,2345745,2174909,170836,915178,1430567,U,2025-09
MI,Michigan,202510,2289229,2122659,166570,894501,1394728,P,2025-10
MI,Michigan,202510,2309880,2141597,168283,901845,1408035,U,2025-10
MI,Michigan,202511,2278751,2112017,166734,890088,1388663,P,2025-11
MI,Michigan,202511,2299761,2131207,168554,896939,1402822,U,2025-11
MI,Michigan,202512,2272434,2105347,167087,886131,1386303,P,2025-12
MI,Michigan,202512,2301457,2132117,169340,895236,1406221,U,2025-12
MI,Michigan,202601,2196941,2029635,167306,884441,1312500,P,2026-01
MN,Minnesota,202501,1155990,1151247,4743,587435,568555,P,2025-01
MN,Minnesota,202501,1169119,1164178,4941,593664,575455,U,2025-01
MN,Minnesota,202502,1154135,1149390,4745,589215,564920,P,2025-02
MN,Minnesota,202502,1168538,1163560,4978,596095,572443,U,2025-02
MN,Minnesota,202503,1153747,1148904,4843,593802,559945,P,2025-03
MN,Minnesota,202503,1165733,1160699,5034,598290,567443,U,2025-03
MN,Minnesota,202504,1153831,1148980,4851,594800,559031,P,2025-04
MN,Minnesota,202504,1163256,1158273,4983,599416,563840,U,2025-04
MN,Minnesota,202505,1151872,1147108,4764,595940,555932,P,2025-05
MN,Minnesota,202505,1161679,1156765,4914,600650,561029,U,2025-05
MN,Minnesota,202506,1150815,1146010,4805,597391,553424,P,2025-06
MN,Minnesota,202506,1160311,1155354,4957,602057,558254,U,2025-06
MN,Minnesota,202507,1159356,1154637,4719,601295,558061,P,2025-07
MN,Minnesota,202507,1168373,1163530,4843,605525,562848,U,2025-07
MN,Minnesota,202508,1159866,1155210,4656,602745,557121,P,2025-08
MN,Minnesota,202508,1169830,1165002,4828,607911,561919,U,2025-08
MN,Minnesota,202509,1162704,1158126,4578,605040,557664,P,2025-09
MN,Minnesota,202509,1172422,1167709,4713,609909,562513,U,2025-09
MN,Minnesota,202510,1161083,1156599,4484,605812,555271,P,2025-10
MN,Minnesota,202510,1168806,1164216,4590,609598,559208,U,2025-10
MN,Minnesota,202511,1152943,1148601,4342,602925,550018,P,2025-11
MN,Minnesota,202511,1163157,1158706,4451,607240,555917,U,2025-11
MN,Minnesota,202512,1147701,1143475,4226,600115,547586,P,2025-12
MN,Minnesota,202512,1158399,1154038,4361,604721,553678,U,2025-12
MN,Minnesota,202601,1139499,1135395,4104,596949,542550,P,2026-01
MO,Missouri,202501,1256230,1124832,131398,595810,660420,P,2025-01
MO,Missouri,202501,1277312,1145686,131626,604843,672469,U,2025-01
MO,Missouri,202502,1285127,1154325,130802,582891,702236,P,2025-02
MO,Missouri,202502,1313561,1182723,130838,596258,717303,U,2025-02
MO,Missouri,202503,1238114,1107658,130456,579738,658376,P,2025-03
MO,Missouri,202503,1264707,1133825,130882,593475,671232,U,2025-03
MO,Missouri,202504,1232554,1105284,127270,576046,656508,P,2025-04
MO,Missouri,202504,1254723,1127289,127434,587456,667267,U,2025-04
MO,Missouri,202505,1233082,1101858,131224,576095,656987,P,2025-05
MO,Missouri,202505,1251938,1120662,131276,585492,666446,U,2025-05
MO,Missouri,202506,1230024,1097476,132548,570923,659101,P,2025-06
MO,Missouri,202506,1252768,1120340,132428,582030,670738,U,2025-06
MO,Missouri,202507,1239110,1105732,133378,574639,664471,P,2025-07
MO,Missouri,202507,1260863,1127404,133459,585492,675371,U,2025-07
MO,Missouri,202508,1247135,1113475,133660,577046,670089,P,2025-08
MO,Missouri,202508,1267548,1133484,134064,587468,680080,U,2025-08
MO,Missouri,202509,1253105,1119242,133863,578188,674917,P,2025-09
MO,Missouri,202509,1267813,1133687,134126,587324,680489,U,2025-09
MO,Missouri,202510,1253398,1119590,133808,580453,672945,P,2025-10
MO,Missouri,202510,1266885,1133330,133555,585477,681408,U,2025-10
MO,Missouri,202511,1254276,1120404,133872,576625,677651,P,2025-11
MO,Missouri,202511,1266828,1133140,133688,582511,684317,U,2025-11
MO,Missouri,202512,1250365,1116805,133560,572269,678096,P,2025-12
MO,Missouri,202512,1264714,1131455,133259,578911,685803,U,2025-12
MO,Missouri,202601,1249056,1114809,134247,569790,679266,P,2026-01
MS,Mississippi,202501,600035,515623,84412,399333,200702,P,2025-01
MS,Mississippi,202501,605973,521165,84808,401702,204271,U,2025-01
MS,Mississippi,202502,599348,514585,84763,399461,199887,P,2025-02
MS,Mississippi,202502,605205,520124,85081,401856,203349,U,2025-02
MS,Mississippi,202503,597744,513331,84413,398851,198893,P,2025-03
MS,Mississippi,202503,604179,519398,84781,401365,202814,U,2025-03
MS,Mississippi,202504,595500,511259,84241,397578,197922,P,2025-04
MS,Mississippi,202504,601719,517051,84668,400199,201520,U,2025-04
MS,Mississippi,202505,593835,509758,84077,396606,197229,P,2025-05
MS,Mississippi,202505,599964,515498,84466,399005,200959,U,2025-05
MS,Mississippi,202506,592690,508697,83993,395821,196869,P,2025-06
MS,Mississippi,202506,599086,514646,84440,398404,200682,U,2025-06
MS,Mississippi,202507,592668,508562,84106,395509,197159,P,2025-07
MS,Mississippi,202507,599061,514528,84533,398215,200846,U,2025-07
MS,Mississippi,202508,592293,508033,84260,395396,196897,P,2025-08
MS,Mississippi,202508,598813,514133,84680,398000,200813,U,2025-08
MS,Mississippi,202509,591307,507140,84167,394691,196616,P,2025-09
MS,Mississippi,202509,597348,512797,84551,396924,200424,U,2025-09
MS,Mississippi,202510,590816,506720,84096,394291,196525,P,2025-10
MS,Mississippi,202510,595171,510814,84357,395517,199654,U,2025-10
MS,Mississippi,202511,588558,504793,83765,392764,195794,P,2025-11
MS,Mississippi,202511,593696,509631,84065,394512,199184,U,2025-11
MS,Mississippi,202512,588268,504645,83623,392964,195304,P,2025-12
MS,Mississippi,202512,593107,509186,83921,394409,198698,U,2025-12
MS,Mississippi,202601,588020,504317,83703,392722,195298,P,2026-01
MT,Montana,202501,210190,190632,19558,90518,119672,P,2025-01
MT,Montana,202501,214191,194027,20164,92639,121552,U,2025-01
MT,Montana,202502,209559,189927,19632,90443,119116,P,2025-02
MT,Montana,202502,213918,193632,20286,92619,121299,U,2025-02
MT,Montana,202503,210437,190511,19926,91045,119392,P,2025-03
MT,Montana,202503,215429,194674,20755,93526,121903,U,2025-03
MT,Montana,202504,212308,192115,20193,91861,120447,P,2025-04
MT,Montana,202504,217801,196817,20984,94450,123351,U,2025-04
MT,Montana,202505,214919,194271,20648,93019,121900,P,2025-05
MT,Montana,202505,218838,197553,21285,94871,123967,U,2025-05
MT,Montana,202506,215922,194981,20941,93458,122464,P,2025-06
MT,Montana,202506,218953,197661,21292,95049,123904,U,2025-06
MT,Montana,202507,213598,192845,20753,92763,120835,P,2025-07
MT,Montana,202507,217768,196605,21163,94432,123336,U,2025-07
MT,Montana,202508,211487,191086,20401,91904,119583,P,2025-08
MT,Montana,202508,215391,194504,20887,93489,121902,U,2025-08
MT,Montana,202509,211420,191157,20263,91408,120012,P,2025-09
MT,Montana,202509,214206,193524,20682,92761,121445,U,2025-09
MT,Montana,202510,210942,190695,20247,91101,119841,P,2025-10
MT,Montana,202510,212952,192428,20524,92053,120899,U,2025-10
MT,Montana,202511,210561,190541,20020,90477,120084,P,2025-11
MT,Montana,202511,213187,192806,20381,91574,121613,U,2025-11
MT,Montana,202512,210444,190677,19767,89777,120667,P,2025-12
MT,Montana,202512,213386,193114,20272,91150,122236,U,2025-12
MT,Montana,202601,209556,189764,19792,89469,120087,P,2026-01
NC,North Carolina,202501,2843436,2496078,347358,1430577,1412859,P,2025-01
NC,North Carolina,202501,2863313,2514937,348376,1430361,1432952,U,2025-01
NC,North Carolina,202502,2850728,2503666,347062,1433667,1417061,P,2025-02
NC,North Carolina,202502,2863257,2515649,347608,1433011,1430246,U,2025-02
NC,North Carolina,202503,2853201,2506485,346716,1435148,1418053,P,2025-03
NC,North Carolina,202503,2869860,2522468,347392,1435079,1434781,U,2025-03
NC,North Carolina,202504,2864717,2518698,346019,1437951,1426766,P,2025-04
NC,North Carolina,202504,2877267,2530876,346391,1436790,1440477,U,2025-04
NC,North Carolina,202505,2869326,2522597,346729,1439731,1429595,P,2025-05
NC,North Carolina,202505,2881447,2534269,347178,1438227,1443220,U,2025-05
NC,North Carolina,202506,2872039,2525417,346622,1441384,1430655,P,2025-06
NC,North Carolina,202506,2883870,2536796,347074,1440033,1443837,U,2025-06
NC,North Carolina,202507,2873987,2527715,346272,1443064,1430923,P,2025-07
NC,North Carolina,202507,2887045,2540321,346724,1442064,1444981,U,2025-07
NC,North Carolina,202508,2869007,2522232,346775,1439060,1429947,P,2025-08
NC,North Carolina,202508,2885483,2537907,347576,1439069,1446414,U,2025-08
NC,North Carolina,202509,2868323,2521288,347035,1436205,1432118,P,2025-09
NC,North Carolina,202509,2883258,2535360,347898,1435760,1447498,U,2025-09
NC,North Carolina,202510,2865323,2518541,346782,1432431,1432892,P,2025-10
NC,North Carolina,202510,2877160,2529637,347523,1431243,1445917,U,2025-10
NC,North Carolina,202511,2858193,2512652,345541,1425067,1433126,P,2025-11
NC,North Carolina,202511,2873645,2527040,346605,1425187,1448458,U,2025-11
NC,North Carolina,202512,2860490,2515537,344953,1421278,1439212,P,2025-12
NC,North Carolina,202512,2881668,2535205,346463,1422749,1458919,U,2025-12
NC,North Carolina,202601,2857213,2512861,344352,1413056,1444157,P,2026-01
ND,North Dakota,202501,106817,101757,5060,52171,54646,P,2025-01
ND,North Dakota,202501,109219,104033,5186,53172,56047,U,2025-01
ND,North Dakota,202502,105814,100741,5073,51848,53966,P,2025-02
ND,North Dakota,202502,107935,102755,5180,52780,55155,U,2025-02
ND,North Dakota,202503,106172,101066,5106,52061,54111,P,2025-03
ND,North Dakota,202503,108079,102882,5197,52817,55262,U,2025-03
ND,North Dakota,202504,105703,100630,5073,51600,54103,P,2025-04
ND,North Dakota,202504,107439,102310,5129,52323,55116,U,2025-04
ND,North Dakota,202505,105669,100594,5075,51518,54151,P,2025-05
ND,North Dakota,202505,107330,102168,5162,52182,55148,U,2025-05
ND,North Dakota,202506,105451,100336,5115,51409,54042,P,2025-06
ND,North Dakota,202506,107267,102075,5192,52159,55108,U,2025-06
ND,North Dakota,202507,105453,100379,5074,51326,54127,P,2025-07
ND,North Dakota,202507,107198,102034,5164,52108,55090,U,2025-07
ND,North Dakota,202508,105221,100144,5077,51219,54002,P,2025-08
ND,North Dakota,202508,107232,102041,5191,52099,55133,U,2025-08
ND,North Dakota,202509,105205,99990,5215,51300,53905,P,2025-09
ND,North Dakota,202509,107356,102021,5335,52253,55103,U,2025-09
ND,North Dakota,202510,105481,100154,5327,51519,53962,P,2025-10
ND,North Dakota,202510,107030,101607,5423,52209,54821,U,2025-10
ND,North Dakota,202511,104148,98804,5344,51065,53083,P,2025-11
ND,North Dakota,202511,106318,100854,5464,51951,54367,U,2025-11
ND,North Dakota,202512,103836,98449,5387,50838,52998,P,2025-12
ND,North Dakota,202512,106248,100706,5542,51846,54402,U,2025-12
ND,North Dakota,202601,103684,98270,5414,50725,52959,P,2026-01
NE,Nebraska,202501,340521,303668,36853,175214,165307,P,2025-01
NE,Nebraska,202501,346601,309233,37368,178104,168497,U,2025-01
NE,Nebraska,202502,341428,304517,36911,175900,165528,P,2025-02
NE,Nebraska,202502,347070,309542,37528,178682,168388,U,2025-02
NE,Nebraska,202503,341370,305657,35713,175324,166046,P,2025-03
NE,Nebraska,202503,346177,310047,36130,177629,168548,U,2025-03
NE,Nebraska,202504,340215,304693,35522,175316,164899,P,2025-04
NE,Nebraska,202504,344450,308538,35912,177216,167234,U,2025-04
NE,Nebraska,202505,337915,302650,35265,174234,163681,P,2025-05
NE,Nebraska,202505,343735,306738,36997,177697,166038,U,2025-05
NE,Nebraska,202506,336301,299820,36481,174067,162234,P,2025-06
NE,Nebraska,202506,341200,304276,36924,176445,164755,U,2025-06
NE,Nebraska,202507,336229,299661,36568,173912,162317,P,2025-07
NE,Nebraska,202507,340661,303625,37036,176111,164550,U,2025-07
NE,Nebraska,202508,335452,298787,36665,173060,162392,P,2025-08
NE,Nebraska,202508,340223,303085,37138,175477,164746,U,2025-08
NE,Nebraska,202509,334401,297775,36626,172560,161841,P,2025-09
NE,Nebraska,202509,338698,301632,37066,174618,164080,U,2025-09
NE,Nebraska,202510,333543,296869,36674,171952,161591,P,2025-10
NE,Nebraska,202510,336989,300013,36976,173577,163412,U,2025-10
NE,Nebraska,202511,331167,294552,36615,170559,160608,P,2025-11
NE,Nebraska,202511,336259,299026,37233,172949,163310,U,2025-11
NE,Nebraska,202512,330795,293948,36847,170364,160431,P,2025-12
NE,Nebraska,202512,336922,299325,37597,173171,163751,U,2025-12
NE,Nebraska,202601,332216,294967,37249,170842,161374,P,2026-01
NH,New Hampshire,202501,187085,167700,19385,90652,96433,P,2025-01
NH,New Hampshire,202501,188905,169413,19492,91249,97656,U,2025-01
NH,New Hampshire,202502,186933,167627,19306,90630,96303,P,2025-02
NH,New Hampshire,202502,188741,169349,19392,91217,97524,U,2025-02
NH,New Hampshire,202503,186379,167130,19249,90471,95908,P,2025-03
NH,New Hampshire,202503,188266,168922,19344,91097,97169,U,2025-03
NH,New Hampshire,202504,186143,166846,19297,90381,95762,P,2025-04
NH,New Hampshire,202504,187860,168488,19372,90921,96939,U,2025-04
NH,New Hampshire,202505,185365,166056,19309,90170,95195,P,2025-05
NH,New Hampshire,202505,187021,167632,19389,90719,96302,U,2025-05
NH,New Hampshire,202506,184218,165281,18937,89837,94381,P,2025-06
NH,New Hampshire,202506,186006,166937,19069,90409,95597,U,2025-06
NH,New Hampshire,202507,184143,165199,18944,89631,94512,P,2025-07
NH,New Hampshire,202507,185960,166903,19057,90268,95692,U,2025-07
NH,New Hampshire,202508,181947,162934,19013,89119,92828,P,2025-08
NH,New Hampshire,202508,183946,164820,19126,89844,94102,U,2025-08
NH,New Hampshire,202509,179721,160638,19083,88292,91429,P,2025-09
NH,New Hampshire,202509,181858,162604,19254,89094,92764,U,2025-09
NH,New Hampshire,202510,178189,159136,19053,87666,90523,P,2025-10
NH,New Hampshire,202510,180045,160893,19152,88271,91774,U,2025-10
NH,New Hampshire,202511,176148,157033,19115,86753,89395,P,2025-11
NH,New Hampshire,202511,178670,159398,19272,87620,91050,U,2025-11
NH,New Hampshire,202512,174925,155937,18988,86109,88816,P,2025-12
NH,New Hampshire,202512,177423,158237,19186,87038,90385,U,2025-12
NH,New Hampshire,202601,173151,154244,18907,85603,87548,P,2026-01
NJ,New Jersey,202501,1768277,1516085,252192,809408,958869,P,2025-01
NJ,New Jersey,202501,1796993,1542980,254013,822629,974364,U,2025-01
NJ,New Jersey,202502,1767814,1513451,254363,810707,957107,P,2025-02
NJ,New Jersey,202502,1802826,1546343,256483,827000,975826,U,2025-02
NJ,New Jersey,202503,1772643,1517042,255601,814932,957711,P,2025-03
NJ,New Jersey,202503,1810539,1551755,258784,832124,978415,U,2025-03
NJ,New Jersey,202504,1790051,1530710,259341,824248,965803,P,2025-04
NJ,New Jersey,202504,1812275,1551352,260923,834906,977369,U,2025-04
NJ,New Jersey,202505,1789875,1529926,259949,824393,965482,P,2025-05
NJ,New Jersey,202505,1808396,1547512,260884,833358,975038,U,2025-05
NJ,New Jersey,202506,1764383,1505719,258664,814668,949715,P,2025-06
NJ,New Jersey,202506,1785639,1525454,260185,824916,960723,U,2025-06
NJ,New Jersey,202507,1750346,1492673,257673,807828,942518,P,2025-07
NJ,New Jersey,202507,1769135,1509832,259303,817576,951559,U,2025-07
NJ,New Jersey,202508,1749341,1490551,258790,807117,942224,P,2025-08
NJ,New Jersey,202508,1767650,1507519,260131,816646,951004,U,2025-08
NJ,New Jersey,202509,1741674,1482752,258922,803670,938004,P,2025-09
NJ,New Jersey,202509,1772830,1511726,261104,818929,953901,U,2025-09
NJ,New Jersey,202510,1745800,1486782,259018,805777,940023,P,2025-10
NJ,New Jersey,202510,1772553,1511559,260994,819559,952994,U,2025-10
NJ,New Jersey,202511,1749175,1489742,259433,809165,940010,P,2025-11
NJ,New Jersey,202511,1775442,1514284,261158,821213,954229,U,2025-11
NJ,New Jersey,202512,1741837,1483606,258231,805907,935930,P,2025-12
NJ,New Jersey,202512,1767641,1507882,259759,816670,950971,U,2025-12
NJ,New Jersey,202601,1735024,1478452,256572,801131,933893,P,2026-01
NM,New Mexico,202501,728982,682897,46085,326571,402411,P,2025-01
NM,New Mexico,202501,728982,682897,46085,326571,402411,U,2025-01
NM,New Mexico,202502,723600,678229,45371,323702,399898,P,2025-02
NM,New Mexico,202502,723600,678229,45371,323702,399898,U,2025-02
NM,New Mexico,202503,714262,669441,44821,320010,394252,P,2025-03
NM,New Mexico,202503,714262,669441,44821,320010,394252,U,2025-03
NM,New Mexico,202504,710463,668838,41625,317654,392809,P,2025-04
NM,New Mexico,202504,710463,668838,41625,317654,392809,U,2025-04
NM,New Mexico,202505,702063,660228,41835,315026,387037,P,2025-05
NM,New Mexico,202505,702063,660228,41835,315026,387037,U,2025-05
NM,New Mexico,202506,697723,655866,41857,313663,384060,P,2025-06
NM,New Mexico,202506,697723,655866,41857,313663,384060,U,2025-06
NM,New Mexico,202507,694763,652578,42185,312931,381832,P,2025-07
NM,New Mexico,202507,694763,652578,42185,312931,381832,U,2025-07
NM,New Mexico,202508,690503,648150,42353,311449,379054,P,2025-08
NM,New Mexico,202508,690503,648150,42353,311449,379054,U,2025-08
NM,New Mexico,202509,689106,646450,42656,311177,377929,P,2025-09
NM,New Mexico,202509,689106,646450,42656,311177,377929,U,2025-09
NM,New Mexico,202510,687427,644329,43098,310526,376901,P,2025-10
NM,New Mexico,202510,687427,644329,43098,310526,376901,U,2025-10
NM,New Mexico,202511,683227,640061,43166,308899,374328,P,2025-11
NM,New Mexico,202511,683227,640061,43166,308899,374328,U,2025-11
NM,New Mexico,202512,682701,638988,43713,308545,374156,P,2025-12
NM,New Mexico,202512,682701,638988,43713,308545,374156,U,2025-12
NM,New Mexico,202601,681756,637738,44018,307948,373808,P,2026-01
NV,Nevada,202501,769660,717293,52367,331110,438550,P,2025-01
NV,Nevada,202501,769660,717293,52367,331110,438550,U,2025-01
NV,Nevada,202502,772086,719414,52672,331565,440521,P,2025-02
NV,Nevada,202502,772086,719414,52672,331565,440521,U,2025-02
NV,Nevada,202503,772211,719195,53016,331974,440237,P,2025-03
NV,Nevada,202503,772211,719195,53016,331974,440237,U,2025-03
NV,Nevada,202504,770180,718076,52104,331466,438714,P,2025-04
NV,Nevada,202504,770180,718076,52104,331466,438714,U,2025-04
NV,Nevada,202505,766543,714910,51633,330378,436165,P,2025-05
NV,Nevada,202505,766543,714910,51633,330378,436165,U,2025-05
NV,Nevada,202506,755561,704584,50977,327212,428349,P,2025-06
NV,Nevada,202506,755561,704584,50977,327212,428349,U,2025-06
NV,Nevada,202507,749193,699556,49637,324387,424806,P,2025-07
NV,Nevada,202507,749193,699556,49637,324387,424806,U,2025-07
NV,Nevada,202508,742475,693668,48807,321988,420487,P,2025-08
NV,Nevada,202508,742475,693668,48807,321988,420487,U,2025-08
NV,Nevada,202509,738352,689962,48390,320624,417728,P,2025-09
NV,Nevada,202509,738352,689962,48390,320624,417728,U,2025-09
NV,Nevada,202510,742058,694145,47913,320581,421477,P,2025-10
NV,Nevada,202510,742058,694145,47913,320581,421477,U,2025-10
NV,Nevada,202511,727457,679632,47825,316500,410957,P,2025-11
NV,Nevada,202511,727457,679632,47825,316500,410957,U,2025-11
NV,Nevada,202512,726387,679311,47076,315744,410643,P,2025-12
NV,Nevada,202512,726387,679311,47076,315744,410643,U,2025-12
NV,Nevada,202601,728133,680798,47335,315938,412195,P,2026-01
NY,New York,202501,6592478,5915333,677145,2454528,4137950,P,2025-01
NY,New York,202501,6623067,5945383,677684,2465454,4157613,U,2025-01
NY,New York,202502,6569883,5889489,680394,2454248,4115635,P,2025-02
NY,New York,202502,6611694,5930375,681319,2469107,4142587,U,2025-02
NY,New York,202503,6585835,5905752,680083,2461410,4124425,P,2025-03
NY,New York,202503,6610162,5929535,680627,2469905,4140257,U,2025-03
NY,New York,202504,6588094,5907684,680410,2465746,4122348,P,2025-04
NY,New York,202504,6616210,5935321,680889,2475382,4140828,U,2025-04
NY,New York,202505,6585483,5906995,678488,2464155,4121328,P,2025-05
NY,New York,202505,6606942,5928101,678841,2471461,4135481,U,2025-05
NY,New York,202506,6566498,5888285,678213,2463410,4103088,P,2025-06
NY,New York,202506,6591502,5912933,678569,2471304,4120198,U,2025-06
NY,New York,202507,6551887,5875131,676756,2461016,4090871,P,2025-07
NY,New York,202507,6551887,5875131,676756,2461016,4090871,U,2025-07
NY,New York,202508,6522114,5847643,674471,2455349,4066765,P,2025-08
NY,New York,202508,6558504,5883536,674968,2466810,4091694,U,2025-08
NY,New York,202509,6516933,5844680,672253,2458806,4058127,P,2025-09
NY,New York,202509,6545793,5873147,672646,2468914,4076879,U,2025-09
NY,New York,202510,6504286,5833918,670368,2462008,4042278,P,2025-10
NY,New York,202510,6539403,5868490,670913,2472588,4066815,U,2025-10
NY,New York,202511,6537429,5870805,666624,2469871,4067558,P,2025-11
NY,New York,202511,6561223,5894332,666891,2476281,4084942,U,2025-11
NY,New York,202512,6515805,5853385,662420,2459230,4056575,P,2025-12
NY,New York,202512,6550143,5887318,662825,2469038,4081105,U,2025-12
NY,New York,202601,6476902,5817285,659617,2449167,4027735,P,2026-01
OH,Ohio,202501,2822877,2579924,242953,1210151,1612726,P,2025-01
OH,Ohio,202501,2822877,2579924,242953,1210151,1612726,U,2025-01
OH,Ohio,202502,2818209,2573593,244616,1209091,1609118,P,2025-02
OH,Ohio,202502,2818209,2573593,244616,1209091,1609118,U,2025-02
OH,Ohio,202503,2813897,2571272,242625,1207335,1606562,P,2025-03
OH,Ohio,202503,2813897,2571272,242625,1207335,1606562,U,2025-03
OH,Ohio,202504,2802277,2561911,240366,1204292,1597985,P,2025-04
OH,Ohio,202504,2802277,2561911,240366,1204292,1597985,U,2025-04
OH,Ohio,202505,2797622,2557516,240106,1203917,1593705,P,2025-05
OH,Ohio,202505,2797622,2557516,240106,1203917,1593705,U,2025-05
OH,Ohio,202506,2790508,2550678,239830,1202153,1588355,P,2025-06
OH,Ohio,202506,2790508,2550678,239830,1202153,1588355,U,2025-06
OH,Ohio,202507,2777854,2538501,239353,1198139,1579715,P,2025-07
OH,Ohio,202507,2777854,2538501,239353,1198139,1579715,U,2025-07
OH,Ohio,202508,2781898,2541724,240174,1195976,1585922,P,2025-08
OH,Ohio,202508,2781898,2541724,240174,1195976,1585922,U,2025-08
OH,Ohio,202509,2775847,2534444,241403,1196251,1579596,P,2025-09
OH,Ohio,202509,2775847,2534444,241403,1196251,1579596,U,2025-09
OH,Ohio,202510,2768467,2525747,242720,1192630,1575837,P,2025-10
OH,Ohio,202510,2768467,2525747,242720,1192630,1575837,U,2025-10
OH,Ohio,202511,2751300,2508352,242948,1184723,1566577,P,2025-11
OH,Ohio,202511,2751300,2508352,242948,1184723,1566577,U,2025-11
OH,Ohio,202512,2729099,2486762,242337,1174157,1554942,P,2025-12
OH,Ohio,202512,2729099,2486762,242337,1174157,1554942,U,2025-12
OH,Ohio,202601,2698937,2456737,242200,1163012,1535925,P,2026-01
OK,Oklahoma,202501,993379,913858,79521,520339,473040,P,2025-01
OK,Oklahoma,202501,993379,913858,79521,520339,473040,U,2025-01
OK,Oklahoma,202502,978307,898961,79346,513352,464955,P,2025-02
OK,Oklahoma,202502,978307,898961,79346,513352,464955,U,2025-02
OK,Oklahoma,202503,979463,896265,83198,516002,463461,P,2025-03
OK,Oklahoma,202503,979463,896265,83198,516002,463461,U,2025-03
OK,Oklahoma,202504,993802,912502,81300,519085,474717,P,2025-04
OK,Oklahoma,202504,993802,912502,81300,519085,474717,U,2025-04
OK,Oklahoma,202505,1010069,929813,80256,522521,487548,P,2025-05
OK,Oklahoma,202505,1010069,929813,80256,522521,487548,U,2025-05
OK,Oklahoma,202506,1008700,933812,74888,523026,485674,P,2025-06
OK,Oklahoma,202506,1008700,933812,74888,523026,485674,U,2025-06
OK,Oklahoma,202507,1002153,929044,73109,521694,480459,P,2025-07
OK,Oklahoma,202507,1002153,929044,73109,521694,480459,U,2025-07
OK,Oklahoma,202508,992278,917491,74787,521111,471167,P,2025-08
OK,Oklahoma,202508,992278,917491,74787,521111,471167,U,2025-08
OK,Oklahoma,202509,989984,910072,79912,520695,469289,P,2025-09
OK,Oklahoma,202509,989984,910072,79912,520695,469289,U,2025-09
OK,Oklahoma,202510,989060,919727,69333,516707,472353,P,2025-10
OK,Oklahoma,202510,989060,919727,69333,516707,472353,U,2025-10
OK,Oklahoma,202511,987037,913130,73907,511329,475708,P,2025-11
OK,Oklahoma,202511,987037,913130,73907,511329,475708,U,2025-11
OK,Oklahoma,202512,968050,889045,79005,507825,460225,P,2025-12
OK,Oklahoma,202512,968050,889045,79005,507825,460225,U,2025-12
OK,Oklahoma,202601,966557,891840,74717,503117,463440,P,2026-01
OR,Oregon,202501,1309088,1119938,189150,481804,827284,P,2025-01
OR,Oregon,202501,1316486,1126652,189834,483329,833157,U,2025-01
OR,Oregon,202502,1313864,1123445,190419,482599,831265,P,2025-02
OR,Oregon,202502,1318386,1127670,190716,483562,834824,U,2025-02
OR,Oregon,202503,1304085,1114271,189814,479977,824108,P,2025-03
OR,Oregon,202503,1310574,1120280,190294,481369,829205,U,2025-03
OR,Oregon,202504,1312501,1123238,189263,480160,832341,P,2025-04
OR,Oregon,202504,1315595,1126114,189481,480869,834726,U,2025-04
OR,Oregon,202505,1316564,1127266,189298,479824,836740,P,2025-05
OR,Oregon,202505,1319921,1130366,189555,480638,839283,U,2025-05
OR,Oregon,202506,1319886,1130689,189197,479219,840667,P,2025-06
OR,Oregon,202506,1324553,1135009,189544,480354,844199,U,2025-06
OR,Oregon,202507,1313711,1126956,186755,476632,837079,P,2025-07
OR,Oregon,202507,1317200,1130081,187119,477591,839609,U,2025-07
OR,Oregon,202508,1305313,1121129,184184,473574,831739,P,2025-08
OR,Oregon,202508,1310037,1125335,184702,474888,835149,U,2025-08
OR,Oregon,202509,1304963,1121409,183554,473004,831959,P,2025-09
OR,Oregon,202509,1309058,1125025,184033,474215,834843,U,2025-09
OR,Oregon,202510,1303752,1120199,183553,472211,831541,P,2025-10
OR,Oregon,202510,1308135,1124118,184017,473392,834743,U,2025-10
OR,Oregon,202511,1302888,1119186,183702,470982,831906,P,2025-11
OR,Oregon,202511,1308255,1124039,184216,472263,835992,U,2025-11
OR,Oregon,202512,1303114,1119159,183955,470891,832223,P,2025-12
OR,Oregon,202512,1308432,1123951,184481,472156,836276,U,2025-12
OR,Oregon,202601,1297017,1112951,184066,470685,826332,P,2026-01
PA,Pennsylvania,202501,3080634,2789276,291358,1451497,1629137,P,2025-01
PA,Pennsylvania,202501,3110325,2814521,295804,1464068,1646257,U,2025-01
PA,Pennsylvania,202502,3082412,2789060,293352,1453849,1628563,P,2025-02
PA,Pennsylvania,202502,3108474,2813682,294792,1463071,1645403,U,2025-02
PA,Pennsylvania,202503,3087893,2797311,290582,1452852,1635041,P,2025-03
PA,Pennsylvania,202503,3101521,2808943,292578,1458736,1642785,U,2025-03
PA,Pennsylvania,202504,3074459,2787791,286668,1445338,1629121,P,2025-04
PA,Pennsylvania,202504,3097376,2807525,289851,1454631,1642745,U,2025-04
PA,Pennsylvania,202505,3058239,2770266,287973,1440091,1618148,P,2025-05
PA,Pennsylvania,202505,3077895,2788645,289250,1447035,1630860,U,2025-05
PA,Pennsylvania,202506,3041674,2761999,279675,1428648,1613026,P,2025-06
PA,Pennsylvania,202506,3053056,2771907,281149,1433250,1619806,U,2025-06
PA,Pennsylvania,202507,3034789,2755618,279171,1426099,1608690,P,2025-07
PA,Pennsylvania,202507,3054730,2774744,279986,1433156,1621574,U,2025-07
PA,Pennsylvania,202508,3018973,2742433,276540,1419439,1599534,P,2025-08
PA,Pennsylvania,202508,3042995,2762788,280207,1429763,1613232,U,2025-08
PA,Pennsylvania,202509,3019443,2739207,280236,1421331,1598112,P,2025-09
PA,Pennsylvania,202509,3037911,2757077,280834,1427517,1610394,U,2025-09
PA,Pennsylvania,202510,3012566,2731246,281320,1418667,1593899,P,2025-10
PA,Pennsylvania,202510,3032947,2750634,282313,1426012,1606935,U,2025-10
PA,Pennsylvania,202511,2993878,2714591,279287,1409803,1584075,P,2025-11
PA,Pennsylvania,202511,3011909,2732233,279676,1415229,1596680,U,2025-11
PA,Pennsylvania,202512,2990577,2710167,280410,1407181,1583396,P,2025-12
PA,Pennsylvania,202512,3005350,2724282,281068,1411573,1593777,U,2025-12
PA,Pennsylvania,202601,2984740,2706010,278730,1402637,1582103,P,2026-01
RI,Rhode Island,202501,0,0,0,0,0,P,2025-01
RI,Rhode Island,202501,312216,279404,32812,124428,187788,U,2025-01
RI,Rhode Island,202502,316553,283281,33272,124895,191658,P,2025-02
RI,Rhode Island,202502,317094,283813,33281,125262,191832,U,2025-02
RI,Rhode Island,202503,317107,284245,32862,124561,192546,P,2025-03
RI,Rhode Island,202503,317723,284846,32877,124877,192846,U,2025-03
RI,Rhode Island,202504,318335,285161,33174,124507,193828,P,2025-04
RI,Rhode Island,202504,318588,285386,33202,124749,193839,U,2025-04
RI,Rhode Island,202505,318036,285644,32392,123379,194657,P,2025-05
RI,Rhode Island,202505,317946,285523,32423,123690,194256,U,2025-05
RI,Rhode Island,202506,313519,280823,32696,121834,191685,P,2025-06
RI,Rhode Island,202506,313733,281007,32726,122230,191503,U,2025-06
RI,Rhode Island,202507,306730,273073,33657,121074,185656,P,2025-07
RI,Rhode Island,202507,307370,273694,33676,121375,185995,U,2025-07
RI,Rhode Island,202508,304696,271466,33230,120266,184430,P,2025-08
RI,Rhode Island,202508,305293,272057,33236,120645,184648,U,2025-08
RI,Rhode Island,202509,303351,270410,32941,119323,184028,P,2025-09
RI,Rhode Island,202509,304391,271469,32922,119778,184613,U,2025-09
RI,Rhode Island,202510,303480,270512,32968,119157,184323,P,2025-10
RI,Rhode Island,202510,304076,271087,32989,119420,184656,U,2025-10
RI,Rhode Island,202511,297026,262933,34093,118564,178462,P,2025-11
RI,Rhode Island,202511,297814,263719,34095,118934,178880,U,2025-11
RI,Rhode Island,202512,297943,264239,33704,118453,179490,P,2025-12
RI,Rhode Island,202512,298497,264836,33661,118804,179693,U,2025-12
RI,Rhode Island,202601,299004,264991,34013,118532,180472,P,2026-01
SC,South Carolina,202501,1034214,929890,104324,633868,400346,P,2025-01
SC,South Carolina,202501,1063741,957276,106465,649050,414691,U,2025-01
SC,South Carolina,202502,1036771,930550,106221,635435,401336,P,2025-02
SC,South Carolina,202502,1063443,955566,107877,648212,415231,U,2025-02
SC,South Carolina,202503,1036888,929206,107682,636653,400235,P,2025-03
SC,South Carolina,202503,1060197,951171,109026,647256,412941,U,2025-03
SC,South Carolina,202504,1037023,928443,108580,637020,400003,P,2025-04
SC,South Carolina,202504,1059225,949739,109486,646843,412382,U,2025-04
SC,South Carolina,202505,1020041,911096,108945,631299,388742,P,2025-05
SC,South Carolina,202505,1044110,934119,109991,642051,402059,U,2025-05
SC,South Carolina,202506,1013694,905057,108637,627437,386257,P,2025-06
SC,South Carolina,202506,1037384,927687,109697,638750,398634,U,2025-06
SC,South Carolina,202507,1013106,903817,109289,626572,386534,P,2025-07
SC,South Carolina,202507,1034953,924280,110673,637389,397564,U,2025-07
SC,South Carolina,202508,1008019,898145,109874,622716,385303,P,2025-08
SC,South Carolina,202508,1029840,918535,111305,633864,395976,U,2025-08
SC,South Carolina,202509,1000546,890091,110455,618200,382346,P,2025-09
SC,South Carolina,202509,1021467,909458,112009,628858,392609,U,2025-09
SC,South Carolina,202510,994159,883061,111098,614984,379175,P,2025-10
SC,South Carolina,202510,1013659,901217,112442,624630,389029,U,2025-10
SC,South Carolina,202511,987939,875777,112162,610949,376990,P,2025-11
SC,South Carolina,202511,1007906,894171,113735,621379,386527,U,2025-11
SC,South Carolina,202512,977554,864722,112832,605042,372512,P,2025-12
SC,South Carolina,202512,977554,864722,112832,605042,372512,U,2025-12
SC,South Carolina,202601,973021,859665,113356,603148,369873,P,2026-01
SD,South Dakota,202501,144398,128008,16390,82319,62079,P,2025-01
SD,South Dakota,202501,144398,128008,16390,82319,62079,U,2025-01
SD,South Dakota,202502,145286,128684,16602,82471,62815,P,2025-02
SD,South Dakota,202502,145286,128684,16602,82471,62815,U,2025-02
SD,South Dakota,202503,144264,128040,16224,81494,62770,P,2025-03
SD,South Dakota,202503,144264,128040,16224,81494,62770,U,2025-03
SD,South Dakota,202504,142487,126750,15737,80810,61677,P,2025-04
SD,South Dakota,202504,142487,126750,15737,80810,61677,U,2025-04
SD,South Dakota,202505,140819,125478,15341,79935,60884,P,2025-05
SD,South Dakota,202505,140819,125478,15341,79935,60884,U,2025-05
SD,South Dakota,202506,139653,124650,15003,79052,60601,P,2025-06
SD,South Dakota,202506,139653,124650,15003,79052,60601,U,2025-06
SD,South Dakota,202507,139110,124421,14689,78605,60505,P,2025-07
SD,South Dakota,202507,139110,124421,14689,78605,60505,U,2025-07
SD,South Dakota,202508,136904,122863,14041,76950,59954,P,2025-08
SD,South Dakota,202508,136904,122863,14041,76950,59954,U,2025-08
SD,South Dakota,202509,136318,122307,14011,76697,59621,P,2025-09
SD,South Dakota,202509,136318,122307,14011,76697,59621,U,2025-09
SD,South Dakota,202510,136919,122794,14125,76908,60011,P,2025-10
SD,South Dakota,202510,136919,122794,14125,76908,60011,U,2025-10
SD,South Dakota,202511,136379,122031,14348,76536,59843,P,2025-11
SD,South Dakota,202511,136379,122031,14348,76536,59843,U,2025-11
SD,South Dakota,202512,136509,122091,14418,76384,60125,P,2025-12
SD,South Dakota,202512,136509,122091,14418,76384,60125,U,2025-12
SD,South Dakota,202601,136524,122120,14404,76440,60084,P,2026-01
TN,Tennessee,202501,1433094,1262302,170792,842204,590890,P,2025-01
TN,Tennessee,202501,1441443,1267680,173763,847655,593788,U,2025-01
TN,Tennessee,202502,1433222,1262905,170317,844081,589141,P,2025-02
TN,Tennessee,202502,1442194,1269186,173008,849518,592676,U,2025-02
TN,Tennessee,202503,1437344,1264696,172648,847504,589840,P,2025-03
TN,Tennessee,202503,1445222,1270089,175133,852334,592888,U,2025-03
TN,Tennessee,202504,1435467,1261604,173863,848228,587239,P,2025-04
TN,Tennessee,202504,1441774,1265926,175848,852181,589593,U,2025-04
TN,Tennessee,202505,1433398,1258935,174463,847720,585678,P,2025-05
TN,Tennessee,202505,1439118,1262471,176647,851420,587698,U,2025-05
TN,Tennessee,202506,1430912,1254875,176037,846152,584760,P,2025-06
TN,Tennessee,202506,1436320,1258067,178253,849630,586690,U,2025-06
TN,Tennessee,202507,1432503,1255264,177239,847346,585157,P,2025-07
TN,Tennessee,202507,1438184,1258608,179576,851041,587143,U,2025-07
TN,Tennessee,202508,1428794,1249998,178796,845563,583231,P,2025-08
TN,Tennessee,202508,1435315,1254112,181203,849901,585414,U,2025-08
TN,Tennessee,202509,1427353,1246975,180378,844917,582436,P,2025-09
TN,Tennessee,202509,1434452,1251458,182994,849660,584792,U,2025-09
TN,Tennessee,202510,1419653,1238129,181524,840241,579412,P,2025-10
TN,Tennessee,202510,1424658,1241101,183557,843613,581045,U,2025-10
TN,Tennessee,202511,1410016,1228585,181431,834143,575873,P,2025-11
TN,Tennessee,202511,1416620,1233717,182903,837643,578977,U,2025-11
TN,Tennessee,202512,1403189,1221409,181780,829861,573328,P,2025-12
TN,Tennessee,202512,1409733,1226436,183297,833988,575745,U,2025-12
TN,Tennessee,202601,1402697,1221648,181049,829627,573070,P,2026-01
TX,Texas,202501,4161960,3804418,357542,3177716,984244,P,2025-01
TX,Texas,202501,4205298,3842314,362984,3209131,996167,U,2025-01
TX,Texas,202502,4155776,3790110,365666,3182370,973406,P,2025-02
TX,Texas,202502,4198734,3829932,368802,3213054,985680,U,2025-02
TX,Texas,202503,4164694,3818536,346158,3189576,975118,P,2025-03
TX,Texas,202503,4204178,3855585,348593,3216072,988106,U,2025-03
TX,Texas,202504,4179892,3831382,348510,3203843,976049,P,2025-04
TX,Texas,202504,4212692,3862541,350151,3224175,988517,U,2025-04
TX,Texas,202505,4173887,3826839,347048,3200125,973762,P,2025-05
TX,Texas,202505,4204878,3856349,348529,3219327,985551,U,2025-05
TX,Texas,202506,4162177,3817594,344583,3187145,975032,P,2025-06
TX,Texas,202506,4191556,3845473,346083,3206237,985319,U,2025-06
TX,Texas,202507,4169127,3825235,343892,3191048,978079,P,2025-07
TX,Texas,202507,4200014,3854537,345477,3211570,988444,U,2025-07
TX,Texas,202508,4161101,3817242,343859,3185902,975199,P,2025-08
TX,Texas,202508,4192882,3847392,345490,3206966,985916,U,2025-08
TX,Texas,202509,4174990,3830057,344933,3195359,979631,P,2025-09
TX,Texas,202509,4198271,3851991,346280,3208735,989536,U,2025-09
TX,Texas,202510,4148608,3802894,345714,3169115,979493,P,2025-10
TX,Texas,202510,4168710,3821947,346763,3181073,987637,U,2025-10
TX,Texas,202511,4096954,3751327,345627,3126866,970088,P,2025-11
TX,Texas,202511,4123943,3776984,346959,3144124,979819,U,2025-11
TX,Texas,202512,4083939,3738963,344976,3112769,971170,P,2025-12
TX,Texas,202512,4111374,3764587,346787,3130780,980594,U,2025-12
TX,Texas,202601,4032864,3688051,344813,3067916,964948,P,2026-01
UT,Utah,202501,336593,300643,35950,172502,164091,P,2025-01
UT,Utah,202501,342992,306602,36390,175319,167673,U,2025-01
UT,Utah,202502,338649,302679,35970,172786,165863,P,2025-02
UT,Utah,202502,343600,307241,36359,174977,168623,U,2025-02
UT,Utah,202503,340003,304124,35879,173116,166887,P,2025-03
UT,Utah,202503,344200,308052,36148,174923,169277,U,2025-03
UT,Utah,202504,337852,302130,35722,172323,165529,P,2025-04
UT,Utah,202504,341957,305958,35999,174090,167867,U,2025-04
UT,Utah,202505,337001,301385,35616,171840,165161,P,2025-05
UT,Utah,202505,340844,304927,35917,173567,167277,U,2025-05
UT,Utah,202506,334652,298927,35725,171193,163459,P,2025-06
UT,Utah,202506,339725,303645,36080,173309,166416,U,2025-06
UT,Utah,202507,334589,299108,35481,171371,163218,P,2025-07
UT,Utah,202507,339046,303265,35781,173249,165797,U,2025-07
UT,Utah,202508,333169,297733,35436,170314,162855,P,2025-08
UT,Utah,202508,339044,303173,35871,172867,166177,U,2025-08
UT,Utah,202509,332266,297030,35236,169693,162573,P,2025-09
UT,Utah,202509,337687,302064,35623,172014,165673,U,2025-09
UT,Utah,202510,332621,297550,35071,169369,163252,P,2025-10
UT,Utah,202510,335404,300108,35296,170579,164825,U,2025-10
UT,Utah,202511,328968,293942,35026,167237,161731,P,2025-11
UT,Utah,202511,334123,298758,35365,169358,164765,U,2025-11
UT,Utah,202512,326193,291581,34612,165721,160472,P,2025-12
UT,Utah,202512,332396,297414,34982,168160,164236,U,2025-12
UT,Utah,202601,326004,291325,34679,164522,161482,P,2026-01
VA,Virginia,202501,1794397,1594685,199712,853545,940852,P,2025-01
VA,Virginia,202501,1807197,1605665,201532,860396,946801,U,2025-01
VA,Virginia,202502,1785501,1584974,200527,849986,935515,P,2025-02
VA,Virginia,202502,1799885,1597298,202587,857710,942175,U,2025-02
VA,Virginia,202503,1779068,1578312,200756,847589,931479,P,2025-03
VA,Virginia,202503,1793436,1590758,202678,854924,938512,U,2025-03
VA,Virginia,202504,1767420,1567754,199666,841919,925501,P,2025-04
VA,Virginia,202504,1780997,1579352,201645,849225,931772,U,2025-04
VA,Virginia,202505,1741108,1544054,197054,830713,910395,P,2025-05
VA,Virginia,202505,1754761,1555890,198871,837984,916777,U,2025-05
VA,Virginia,202506,1722527,1526838,195689,822904,899623,P,2025-06
VA,Virginia,202506,1737098,1539273,197825,830668,906430,U,2025-06
VA,Virginia,202507,1710002,1514993,195009,817332,892670,P,2025-07
VA,Virginia,202507,1723777,1526616,197161,825028,898749,U,2025-07
VA,Virginia,202508,1698727,1504750,193977,811719,887008,P,2025-08
VA,Virginia,202508,1713390,1517188,196202,820129,893261,U,2025-08
VA,Virginia,202509,1692681,1499480,193201,808202,884479,P,2025-09
VA,Virginia,202509,1707737,1512223,195514,816462,891275,U,2025-09
VA,Virginia,202510,1686896,1493815,193081,805438,881458,P,2025-10
VA,Virginia,202510,1698230,1503428,194802,811706,886524,U,2025-10
VA,Virginia,202511,1684089,1490416,193673,803789,880300,P,2025-11
VA,Virginia,202511,1698956,1503054,195902,811411,887545,U,2025-11
VA,Virginia,202512,1676475,1482966,193509,800142,876333,P,2025-12
VA,Virginia,202512,1690652,1495172,195480,807334,883318,U,2025-12
VA,Virginia,202601,1672169,1479460,192709,797822,874347,P,2026-01
VT,Vermont,202501,158028,152795,5233,59116,98912,P,2025-01
VT,Vermont,202501,158483,153193,5290,59283,99200,U,2025-01
VT,Vermont,202502,157354,152140,5214,59057,98297,P,2025-02
VT,Vermont,202502,157905,152610,5295,59234,98671,U,2025-02
VT,Vermont,202503,156750,151466,5284,58894,97856,P,2025-03
VT,Vermont,202503,157441,152101,5340,59156,98285,U,2025-03
VT,Vermont,202504,156642,151326,5316,58930,97712,P,2025-04
VT,Vermont,202504,157141,151766,5375,59082,98059,U,2025-04
VT,Vermont,202505,155658,150283,5375,58658,97000,P,2025-05
VT,Vermont,202505,156150,150737,5413,58826,97324,U,2025-05
VT,Vermont,202506,154780,149447,5333,58441,96339,P,2025-06
VT,Vermont,202506,155323,149943,5380,58638,96685,U,2025-06
VT,Vermont,202507,154354,149086,5268,58283,96071,P,2025-07
VT,Vermont,202507,154784,149450,5334,58437,96347,U,2025-07
VT,Vermont,202508,153909,148617,5292,58145,95764,P,2025-08
VT,Vermont,202508,154415,149044,5371,58348,96067,U,2025-08
VT,Vermont,202509,153259,147935,5324,57928,95331,P,2025-09
VT,Vermont,202509,153802,148404,5398,58144,95658,U,2025-09
VT,Vermont,202510,152275,146926,5349,57787,94488,P,2025-10
VT,Vermont,202510,152726,147321,5405,57934,94792,U,2025-10
VT,Vermont,202511,151201,145861,5340,57507,93694,P,2025-11
VT,Vermont,202511,151811,146362,5449,57723,94088,U,2025-11
VT,Vermont,202512,150683,145290,5393,57370,93313,P,2025-12
VT,Vermont,202512,151308,145876,5432,57606,93702,U,2025-12
VT,Vermont,202601,150145,144677,5468,57353,92792,P,2026-01
WA,Washington,202501,1833207,1772288,60919,837979,995228,P,2025-01
WA,Washington,202501,1840117,1778763,61354,841706,998411,U,2025-01
WA,Washington,202502,1823800,1762781,61019,835029,988771,P,2025-02
WA,Washington,202502,1830502,1769021,61481,838638,991864,U,2025-02
WA,Washington,202503,1820238,1758459,61779,833830,986408,P,2025-03
WA,Washington,202503,1826997,1764731,62266,837465,989532,U,2025-03
WA,Washington,202504,1816490,1758559,57931,832847,983643,P,2025-04
WA,Washington,202504,1821905,1763606,58299,835760,986145,U,2025-04
WA,Washington,202505,1802312,1743442,58870,827749,974563,P,2025-05
WA,Washington,202505,1807787,1748509,59278,830828,976959,U,2025-05
WA,Washington,202506,1790978,1731463,59515,823557,967421,P,2025-06
WA,Washington,202506,1798235,1738190,60045,827383,970852,U,2025-06
WA,Washington,202507,1792188,1731701,60487,823749,968439,P,2025-07
WA,Washington,202507,1799915,1738846,61069,827591,972324,U,2025-07
WA,Washington,202508,1787085,1725674,61411,821992,965093,P,2025-08
WA,Washington,202508,1793685,1731787,61898,825715,967970,U,2025-08
WA,Washington,202509,1788029,1725497,62532,822223,965806,P,2025-09
WA,Washington,202509,1793406,1730508,62898,825234,968172,U,2025-09
WA,Washington,202510,1787864,1724759,63105,821362,966502,P,2025-10
WA,Washington,202510,1792490,1729143,63347,823888,968602,U,2025-10
WA,Washington,202511,1780702,1717031,63671,817746,962956,P,2025-11
WA,Washington,202511,1786767,1722640,64127,820983,965784,U,2025-11
WA,Washington,202512,1785532,1720914,64618,818165,967367,P,2025-12
WA,Washington,202512,1791758,1726702,65056,821301,970457,U,2025-12
WA,Washington,202601,1787085,1721857,65228,817682,969403,P,2026-01
WI,Wisconsin,202501,1186489,1105109,81380,559527,626962,P,2025-01
WI,Wisconsin,202501,1195211,1112962,82249,562690,632521,U,2025-01
WI,Wisconsin,202502,1183420,1101151,82269,557670,625750,P,2025-02
WI,Wisconsin,202502,1191546,1108523,83023,560748,630798,U,2025-02
WI,Wisconsin,202503,1167708,1085444,82264,550327,617381,P,2025-03
WI,Wisconsin,202503,1175930,1092952,82978,553485,622445,U,2025-03
WI,Wisconsin,202504,1149804,1060991,88813,542723,607081,P,2025-04
WI,Wisconsin,202504,1157206,1067716,89490,545642,611564,U,2025-04
WI,Wisconsin,202505,1136031,1042292,93739,538261,597770,P,2025-05
WI,Wisconsin,202505,1143506,1049086,94420,541343,602163,U,2025-05
WI,Wisconsin,202506,1129199,1032063,97136,535685,593514,P,2025-06
WI,Wisconsin,202506,1137320,1039498,97822,539011,598309,U,2025-06
WI,Wisconsin,202507,1125941,1027136,98805,537291,588650,P,2025-07
WI,Wisconsin,202507,1132861,1033465,99396,540031,592830,U,2025-07
WI,Wisconsin,202508,1123739,1024884,98855,537930,585809,P,2025-08
WI,Wisconsin,202508,1131202,1031752,99450,540960,590242,U,2025-08
WI,Wisconsin,202509,1124947,1026197,98750,538332,586615,P,2025-09
WI,Wisconsin,202509,1132761,1033372,99389,541421,591340,U,2025-09
WI,Wisconsin,202510,1124746,1025688,99058,538125,586621,P,2025-10
WI,Wisconsin,202510,1130766,1031259,99507,540540,590226,U,2025-10
WI,Wisconsin,202511,1120922,1021839,99083,536712,584210,P,2025-11
WI,Wisconsin,202511,1129918,1030040,99878,540087,589831,U,2025-11
WI,Wisconsin,202512,1121592,1021843,99749,536307,585285,P,2025-12
WI,Wisconsin,202512,1130048,1029554,100494,539415,590633,U,2025-12
WI,Wisconsin,202601,1119628,1019688,99940,536351,583277,P,2026-01
WV,West Virginia,202501,508322,470526,37796,206291,302031,P,2025-01
WV,West Virginia,202501,508322,470526,37796,206291,302031,U,2025-01
WV,West Virginia,202502,508225,467078,41147,204844,303381,P,2025-02
WV,West Virginia,202502,508225,467078,41147,204844,303381,U,2025-02
WV,West Virginia,202503,505266,464821,40445,202415,302851,P,2025-03
WV,West Virginia,202503,505266,464821,40445,202415,302851,U,2025-03
WV,West Virginia,202504,503701,463666,40035,201745,301956,P,2025-04
WV,West Virginia,202504,503701,463666,40035,201745,301956,U,2025-04
WV,West Virginia,202505,503031,462965,40066,201445,301586,P,2025-05
WV,West Virginia,202505,503031,462965,40066,201445,301586,U,2025-05
WV,West Virginia,202506,501577,461629,39948,200531,301046,P,2025-06
WV,West Virginia,202506,501577,461629,39948,200531,301046,U,2025-06
WV,West Virginia,202507,501077,461142,39935,200179,300898,P,2025-07
WV,West Virginia,202507,501077,461142,39935,200179,300898,U,2025-07
WV,West Virginia,202508,498894,459501,39393,198644,300250,P,2025-08
WV,West Virginia,202508,498894,459501,39393,198644,300250,U,2025-08
WV,West Virginia,202509,498188,458947,39241,198029,300159,P,2025-09
WV,West Virginia,202509,498188,458947,39241,198029,300159,U,2025-09
WV,West Virginia,202510,497764,458072,39692,197772,299992,P,2025-10
WV,West Virginia,202510,497764,458072,39692,197772,299992,U,2025-10
WV,West Virginia,202511,491398,451904,39494,195250,296148,P,2025-11
WV,West Virginia,202511,491398,451904,39494,195250,296148,U,2025-11
WV,West Virginia,202512,490156,450475,39681,194725,295431,P,2025-12
WV,West Virginia,202512,490156,450475,39681,194725,295431,U,2025-12
WV,West Virginia,202601,488333,448685,39648,194149,294184,P,2026-01
WY,Wyoming,202501,62693,56654,6039,42759,19934,P,2025-01
WY,Wyoming,202501,64227,58110,6117,43829,20398,U,2025-01
WY,Wyoming,202502,62570,56403,6167,42719,19851,P,2025-02
WY,Wyoming,202502,63816,57698,6118,43527,20289,U,2025-02
WY,Wyoming,202503,62334,56401,5933,42524,19810,P,2025-03
WY,Wyoming,202503,63417,57366,6051,43273,20144,U,2025-03
WY,Wyoming,202504,62182,56143,6039,42531,19651,P,2025-04
WY,Wyoming,202504,63078,56972,6106,43124,19954,U,2025-04
WY,Wyoming,202505,61694,55908,5786,42148,19546,P,2025-05
WY,Wyoming,202505,62762,56896,5866,42872,19890,U,2025-05
WY,Wyoming,202506,61683,55809,5874,42147,19536,P,2025-06
WY,Wyoming,202506,62202,56293,5909,42458,19744,U,2025-06
WY,Wyoming,202507,61342,55488,5854,41919,19423,P,2025-07
WY,Wyoming,202507,62021,56121,5900,42348,19673,U,2025-07
WY,Wyoming,202508,60814,54919,5895,41551,19263,P,2025-08
WY,Wyoming,202508,61564,55597,5967,42022,19542,U,2025-08
WY,Wyoming,202509,59571,53659,5912,40584,18987,P,2025-09
WY,Wyoming,202509,60384,54433,5951,41125,19259,U,2025-09
WY,Wyoming,202510,59714,53809,5905,40672,19042,P,2025-10
WY,Wyoming,202510,60444,54504,5940,41143,19301,U,2025-10
WY,Wyoming,202511,58711,53028,5683,39861,18850,P,2025-11
WY,Wyoming,202511,59940,54143,5797,40750,19190,U,2025-11
WY,Wyoming,202512,59286,53439,5847,40269,19017,P,2025-12
WY,Wyoming,202512,60450,54505,5945,41133,19317,U,2025-12
WY,Wyoming,202601,59735,53702,6033,40680,19055,P,2026-01
