date,unrate_pct,gas_price_per_gal,mortgage_rate_pct,federal_deficit_millions,gdp_billions,gdp_chg_qoq_pct,gdp_chg_yoy_pct,trade_balance_millions
2016-01-01,4.8,,,,18525.933,,,-40044.0
2016-01-04,,2.028,,,18525.933,,,
2016-01-07,,,3.97,,18525.933,,,
2016-01-11,,1.996,,,18525.933,,,
2016-01-14,,,3.92,,18525.933,,,
2016-01-18,,1.914,,,18525.933,,,
2016-01-21,,,3.81,,18525.933,,,
2016-01-25,,1.856,,,18525.933,,,
2016-01-28,,,3.79,,18525.933,,,
2016-02-01,4.9,1.822,,,18525.933,,,-43306.0
2016-02-04,,,3.72,,18525.933,,,
2016-02-08,,1.759,,,18525.933,,,
2016-02-11,,,3.65,,18525.933,,,
2016-02-15,,1.724,,,18525.933,,,
2016-02-18,,,3.65,,18525.933,,,
2016-02-22,,1.73,,,18525.933,,,
2016-02-25,,,3.62,,18525.933,,,
2016-02-29,,1.783,,,18525.933,,,
2016-03-01,5.0,,,,18525.933,,,-36801.0
2016-03-03,,,3.64,,18525.933,,,
2016-03-07,,1.841,,,18525.933,,,
2016-03-10,,,3.68,,18525.933,,,
2016-03-14,,1.961,,,18525.933,,,
2016-03-17,,,3.73,,18525.933,,,
2016-03-21,,2.007,,,18525.933,,,
2016-03-24,,,3.71,,18525.933,,,
2016-03-28,,2.066,,,18525.933,,,
2016-03-31,,,3.71,,18525.933,,,
2016-04-01,5.1,,,,18711.702,1.0028,,-38048.0
2016-04-04,,2.083,,,18711.702,1.0028,,
2016-04-07,,,3.59,,18711.702,1.0028,,
2016-04-11,,2.069,,,18711.702,1.0028,,
2016-04-14,,,3.58,,18711.702,1.0028,,
2016-04-18,,2.137,,,18711.702,1.0028,,
2016-04-21,,,3.59,,18711.702,1.0028,,
2016-04-25,,2.162,,,18711.702,1.0028,,
2016-04-28,,,3.66,,18711.702,1.0028,,
2016-05-01,4.8,,,,18711.702,1.0028,,-39032.0
2016-05-02,,2.24,,,18711.702,1.0028,,
2016-05-05,,,3.61,,18711.702,1.0028,,
2016-05-09,,2.22,,,18711.702,1.0028,,
2016-05-12,,,3.57,,18711.702,1.0028,,
2016-05-16,,2.242,,,18711.702,1.0028,,
2016-05-19,,,3.58,,18711.702,1.0028,,
2016-05-23,,2.3,,,18711.702,1.0028,,
2016-05-26,,,3.64,,18711.702,1.0028,,
2016-05-30,,2.339,,,18711.702,1.0028,,
2016-06-01,4.9,,,,18711.702,1.0028,,-41719.0
2016-06-02,,,3.66,,18711.702,1.0028,,
2016-06-06,,2.381,,,18711.702,1.0028,,
2016-06-09,,,3.6,,18711.702,1.0028,,
2016-06-13,,2.399,,,18711.702,1.0028,,
2016-06-16,,,3.54,,18711.702,1.0028,,
2016-06-20,,2.353,,,18711.702,1.0028,,
2016-06-23,,,3.56,,18711.702,1.0028,,
2016-06-27,,2.329,,,18711.702,1.0028,,
2016-06-30,,,3.48,,18711.702,1.0028,,
2016-07-01,4.8,,,,18892.639,0.967,,-39931.0
2016-07-04,,2.291,,,18892.639,0.967,,
2016-07-07,,,3.41,,18892.639,0.967,,
2016-07-11,,2.253,,,18892.639,0.967,,
2016-07-14,,,3.42,,18892.639,0.967,,
2016-07-18,,2.23,,,18892.639,0.967,,
2016-07-21,,,3.45,,18892.639,0.967,,
2016-07-25,,2.182,,,18892.639,0.967,,
2016-07-28,,,3.48,,18892.639,0.967,,
2016-08-01,4.9,2.159,,,18892.639,0.967,,-40146.0
2016-08-04,,,3.43,,18892.639,0.967,,
2016-08-08,,2.15,,,18892.639,0.967,,
2016-08-11,,,3.45,,18892.639,0.967,,
2016-08-15,,2.149,,,18892.639,0.967,,
2016-08-18,,,3.43,,18892.639,0.967,,
2016-08-22,,2.193,,,18892.639,0.967,,
2016-08-25,,,3.43,,18892.639,0.967,,
2016-08-29,,2.237,,,18892.639,0.967,,
2016-09-01,5.0,,3.46,,18892.639,0.967,,-37004.0
2016-09-05,,2.223,,,18892.639,0.967,,
2016-09-08,,,3.44,,18892.639,0.967,,
2016-09-12,,2.202,,,18892.639,0.967,,
2016-09-15,,,3.5,,18892.639,0.967,,
2016-09-19,,2.225,,,18892.639,0.967,,
2016-09-22,,,3.48,,18892.639,0.967,,
2016-09-26,,2.224,,,18892.639,0.967,,
2016-09-29,,,3.42,,18892.639,0.967,,
2016-09-30,,,,-584650.0,18892.639,0.967,,
2016-10-01,4.9,,,-584650.0,19089.379,1.0414,,-38555.0
2016-10-03,,2.245,,-584650.0,19089.379,1.0414,,
2016-10-06,,,3.42,-584650.0,19089.379,1.0414,,
2016-10-10,,2.272,,-584650.0,19089.379,1.0414,,
2016-10-13,,,3.47,-584650.0,19089.379,1.0414,,
2016-10-17,,2.257,,-584650.0,19089.379,1.0414,,
2016-10-20,,,3.52,-584650.0,19089.379,1.0414,,
2016-10-24,,2.243,,-584650.0,19089.379,1.0414,,
2016-10-27,,,3.47,-584650.0,19089.379,1.0414,,
2016-10-31,,2.23,,-584650.0,19089.379,1.0414,,
2016-11-01,4.7,,,-584650.0,19089.379,1.0414,,-43896.0
2016-11-03,,,3.54,-584650.0,19089.379,1.0414,,
2016-11-07,,2.233,,-584650.0,19089.379,1.0414,,
2016-11-10,,,3.57,-584650.0,19089.379,1.0414,,
2016-11-14,,2.184,,-584650.0,19089.379,1.0414,,
2016-11-17,,,3.94,-584650.0,19089.379,1.0414,,
2016-11-21,,2.155,,-584650.0,19089.379,1.0414,,
2016-11-23,,,4.03,-584650.0,19089.379,1.0414,,
2016-11-28,,2.154,,-584650.0,19089.379,1.0414,,
2016-12-01,4.7,,4.08,-584650.0,19089.379,1.0414,,-40976.0
2016-12-05,,2.208,,-584650.0,19089.379,1.0414,,
2016-12-08,,,4.13,-584650.0,19089.379,1.0414,,
2016-12-12,,2.236,,-584650.0,19089.379,1.0414,,
2016-12-15,,,4.16,-584650.0,19089.379,1.0414,,
2016-12-19,,2.264,,-584650.0,19089.379,1.0414,,
2016-12-22,,,4.3,-584650.0,19089.379,1.0414,,
2016-12-26,,2.309,,-584650.0,19089.379,1.0414,,
2016-12-29,,,4.32,-584650.0,19089.379,1.0414,,
2017-01-01,4.7,,,-584650.0,19280.084,0.999,4.0708,-43556.0
2017-01-02,,2.377,,-584650.0,19280.084,0.999,4.0708,
2017-01-05,,,4.2,-584650.0,19280.084,0.999,4.0708,
2017-01-09,,2.388,,-584650.0,19280.084,0.999,4.0708,
2017-01-12,,,4.12,-584650.0,19280.084,0.999,4.0708,
2017-01-16,,2.358,,-584650.0,19280.084,0.999,4.0708,
2017-01-19,,,4.09,-584650.0,19280.084,0.999,4.0708,
2017-01-23,,2.326,,-584650.0,19280.084,0.999,4.0708,
2017-01-26,,,4.19,-584650.0,19280.084,0.999,4.0708,
2017-01-30,,2.296,,-584650.0,19280.084,0.999,4.0708,
2017-02-01,4.6,,,-584650.0,19280.084,0.999,4.0708,-39785.0
2017-02-02,,,4.19,-584650.0,19280.084,0.999,4.0708,
2017-02-06,,2.293,,-584650.0,19280.084,0.999,4.0708,
2017-02-09,,,4.17,-584650.0,19280.084,0.999,4.0708,
2017-02-13,,2.307,,-584650.0,19280.084,0.999,4.0708,
2017-02-16,,,4.15,-584650.0,19280.084,0.999,4.0708,
2017-02-20,,2.302,,-584650.0,19280.084,0.999,4.0708,
2017-02-23,,,4.16,-584650.0,19280.084,0.999,4.0708,
2017-02-27,,2.314,,-584650.0,19280.084,0.999,4.0708,
2017-03-01,4.4,,,-584650.0,19280.084,0.999,4.0708,-41124.0
2017-03-02,,,4.1,-584650.0,19280.084,0.999,4.0708,
2017-03-06,,2.341,,-584650.0,19280.084,0.999,4.0708,
2017-03-09,,,4.21,-584650.0,19280.084,0.999,4.0708,
2017-03-13,,2.323,,-584650.0,19280.084,0.999,4.0708,
2017-03-16,,,4.3,-584650.0,19280.084,0.999,4.0708,
2017-03-20,,2.321,,-584650.0,19280.084,0.999,4.0708,
2017-03-23,,,4.23,-584650.0,19280.084,0.999,4.0708,
2017-03-27,,2.315,,-584650.0,19280.084,0.999,4.0708,
2017-03-30,,,4.14,-584650.0,19280.084,0.999,4.0708,
2017-04-01,4.4,,,-584650.0,19438.643,0.8224,3.885,-44227.0
2017-04-03,,2.36,,-584650.0,19438.643,0.8224,3.885,
2017-04-06,,,4.1,-584650.0,19438.643,0.8224,3.885,
2017-04-10,,2.424,,-584650.0,19438.643,0.8224,3.885,
2017-04-13,,,4.08,-584650.0,19438.643,0.8224,3.885,
2017-04-17,,2.436,,-584650.0,19438.643,0.8224,3.885,
2017-04-20,,,3.97,-584650.0,19438.643,0.8224,3.885,
2017-04-24,,2.449,,-584650.0,19438.643,0.8224,3.885,
2017-04-27,,,4.03,-584650.0,19438.643,0.8224,3.885,
2017-05-01,4.4,2.411,,-584650.0,19438.643,0.8224,3.885,-43985.0
2017-05-04,,,4.02,-584650.0,19438.643,0.8224,3.885,
2017-05-08,,2.372,,-584650.0,19438.643,0.8224,3.885,
2017-05-11,,,4.05,-584650.0,19438.643,0.8224,3.885,
2017-05-15,,2.369,,-584650.0,19438.643,0.8224,3.885,
2017-05-18,,,4.02,-584650.0,19438.643,0.8224,3.885,
2017-05-22,,2.399,,-584650.0,19438.643,0.8224,3.885,
2017-05-25,,,3.95,-584650.0,19438.643,0.8224,3.885,
2017-05-29,,2.406,,-584650.0,19438.643,0.8224,3.885,
2017-06-01,4.3,,3.94,-584650.0,19438.643,0.8224,3.885,-42579.0
2017-06-05,,2.414,,-584650.0,19438.643,0.8224,3.885,
2017-06-08,,,3.89,-584650.0,19438.643,0.8224,3.885,
2017-06-12,,2.366,,-584650.0,19438.643,0.8224,3.885,
2017-06-15,,,3.91,-584650.0,19438.643,0.8224,3.885,
2017-06-19,,2.318,,-584650.0,19438.643,0.8224,3.885,
2017-06-22,,,3.9,-584650.0,19438.643,0.8224,3.885,
2017-06-26,,2.288,,-584650.0,19438.643,0.8224,3.885,
2017-06-29,,,3.88,-584650.0,19438.643,0.8224,3.885,
2017-07-01,4.3,,,-584650.0,19692.595,1.3064,4.2342,-43854.0
2017-07-03,,2.26,,-584650.0,19692.595,1.3064,4.2342,
2017-07-06,,,3.96,-584650.0,19692.595,1.3064,4.2342,
2017-07-10,,2.297,,-584650.0,19692.595,1.3064,4.2342,
2017-07-13,,,4.03,-584650.0,19692.595,1.3064,4.2342,
2017-07-17,,2.278,,-584650.0,19692.595,1.3064,4.2342,
2017-07-20,,,3.96,-584650.0,19692.595,1.3064,4.2342,
2017-07-24,,2.312,,-584650.0,19692.595,1.3064,4.2342,
2017-07-27,,,3.92,-584650.0,19692.595,1.3064,4.2342,
2017-07-31,,2.352,,-584650.0,19692.595,1.3064,4.2342,
2017-08-01,4.4,,,-584650.0,19692.595,1.3064,4.2342,-41391.0
2017-08-03,,,3.93,-584650.0,19692.595,1.3064,4.2342,
2017-08-07,,2.378,,-584650.0,19692.595,1.3064,4.2342,
2017-08-10,,,3.9,-584650.0,19692.595,1.3064,4.2342,
2017-08-14,,2.384,,-584650.0,19692.595,1.3064,4.2342,
2017-08-17,,,3.89,-584650.0,19692.595,1.3064,4.2342,
2017-08-21,,2.36,,-584650.0,19692.595,1.3064,4.2342,
2017-08-24,,,3.86,-584650.0,19692.595,1.3064,4.2342,
2017-08-28,,2.399,,-584650.0,19692.595,1.3064,4.2342,
2017-08-31,,,3.82,-584650.0,19692.595,1.3064,4.2342,
2017-09-01,4.3,,,-584650.0,19692.595,1.3064,4.2342,-41593.0
2017-09-04,,2.679,,-584650.0,19692.595,1.3064,4.2342,
2017-09-07,,,3.78,-584650.0,19692.595,1.3064,4.2342,
2017-09-11,,2.685,,-584650.0,19692.595,1.3064,4.2342,
2017-09-14,,,3.78,-584650.0,19692.595,1.3064,4.2342,
2017-09-18,,2.634,,-584650.0,19692.595,1.3064,4.2342,
2017-09-21,,,3.83,-584650.0,19692.595,1.3064,4.2342,
2017-09-25,,2.583,,-584650.0,19692.595,1.3064,4.2342,
2017-09-28,,,3.83,-584650.0,19692.595,1.3064,4.2342,
2017-09-30,,,,-665450.0,19692.595,1.3064,4.2342,
2017-10-01,4.2,,,-665450.0,20037.088,1.7494,4.9646,-42848.0
2017-10-02,,2.565,,-665450.0,20037.088,1.7494,4.9646,
2017-10-05,,,3.85,-665450.0,20037.088,1.7494,4.9646,
2017-10-09,,2.504,,-665450.0,20037.088,1.7494,4.9646,
2017-10-12,,,3.91,-665450.0,20037.088,1.7494,4.9646,
2017-10-16,,2.489,,-665450.0,20037.088,1.7494,4.9646,
2017-10-19,,,3.88,-665450.0,20037.088,1.7494,4.9646,
2017-10-23,,2.479,,-665450.0,20037.088,1.7494,4.9646,
2017-10-26,,,3.94,-665450.0,20037.088,1.7494,4.9646,
2017-10-30,,2.488,,-665450.0,20037.088,1.7494,4.9646,
2017-11-01,4.2,,,-665450.0,20037.088,1.7494,4.9646,-45463.0
2017-11-02,,,3.94,-665450.0,20037.088,1.7494,4.9646,
2017-11-06,,2.561,,-665450.0,20037.088,1.7494,4.9646,
2017-11-09,,,3.9,-665450.0,20037.088,1.7494,4.9646,
2017-11-13,,2.592,,-665450.0,20037.088,1.7494,4.9646,
2017-11-16,,,3.95,-665450.0,20037.088,1.7494,4.9646,
2017-11-20,,2.568,,-665450.0,20037.088,1.7494,4.9646,
2017-11-22,,,3.92,-665450.0,20037.088,1.7494,4.9646,
2017-11-27,,2.533,,-665450.0,20037.088,1.7494,4.9646,
2017-11-30,,,3.9,-665450.0,20037.088,1.7494,4.9646,
2017-12-01,4.1,,,-665450.0,20037.088,1.7494,4.9646,-46535.0
2017-12-04,,2.5,,-665450.0,20037.088,1.7494,4.9646,
2017-12-07,,,3.94,-665450.0,20037.088,1.7494,4.9646,
2017-12-11,,2.485,,-665450.0,20037.088,1.7494,4.9646,
2017-12-14,,,3.93,-665450.0,20037.088,1.7494,4.9646,
2017-12-18,,2.45,,-665450.0,20037.088,1.7494,4.9646,
2017-12-21,,,3.94,-665450.0,20037.088,1.7494,4.9646,
2017-12-25,,2.472,,-665450.0,20037.088,1.7494,4.9646,
2017-12-28,,,3.99,-665450.0,20037.088,1.7494,4.9646,
2018-01-01,4.0,2.52,,-665450.0,20328.553,1.4546,5.4381,-46993.0
2018-01-04,,,3.95,-665450.0,20328.553,1.4546,5.4381,
2018-01-08,,2.522,,-665450.0,20328.553,1.4546,5.4381,
2018-01-11,,,3.99,-665450.0,20328.553,1.4546,5.4381,
2018-01-15,,2.557,,-665450.0,20328.553,1.4546,5.4381,
2018-01-18,,,4.04,-665450.0,20328.553,1.4546,5.4381,
2018-01-22,,2.567,,-665450.0,20328.553,1.4546,5.4381,
2018-01-25,,,4.15,-665450.0,20328.553,1.4546,5.4381,
2018-01-29,,2.607,,-665450.0,20328.553,1.4546,5.4381,
2018-02-01,4.1,,4.22,-665450.0,20328.553,1.4546,5.4381,-48714.0
2018-02-05,,2.637,,-665450.0,20328.553,1.4546,5.4381,
2018-02-08,,,4.32,-665450.0,20328.553,1.4546,5.4381,
2018-02-12,,2.607,,-665450.0,20328.553,1.4546,5.4381,
2018-02-15,,,4.38,-665450.0,20328.553,1.4546,5.4381,
2018-02-19,,2.557,,-665450.0,20328.553,1.4546,5.4381,
2018-02-22,,,4.4,-665450.0,20328.553,1.4546,5.4381,
2018-02-26,,2.548,,-665450.0,20328.553,1.4546,5.4381,
2018-03-01,4.0,,4.43,-665450.0,20328.553,1.4546,5.4381,-43514.0
2018-03-05,,2.56,,-665450.0,20328.553,1.4546,5.4381,
2018-03-08,,,4.46,-665450.0,20328.553,1.4546,5.4381,
2018-03-12,,2.559,,-665450.0,20328.553,1.4546,5.4381,
2018-03-15,,,4.44,-665450.0,20328.553,1.4546,5.4381,
2018-03-19,,2.598,,-665450.0,20328.553,1.4546,5.4381,
2018-03-22,,,4.45,-665450.0,20328.553,1.4546,5.4381,
2018-03-26,,2.648,,-665450.0,20328.553,1.4546,5.4381,
2018-03-29,,,4.44,-665450.0,20328.553,1.4546,5.4381,
2018-04-01,4.0,,,-665450.0,20580.912,1.2414,5.8763,-46306.0
2018-04-02,,2.7,,-665450.0,20580.912,1.2414,5.8763,
2018-04-05,,,4.4,-665450.0,20580.912,1.2414,5.8763,
2018-04-09,,2.694,,-665450.0,20580.912,1.2414,5.8763,
2018-04-12,,,4.42,-665450.0,20580.912,1.2414,5.8763,
2018-04-16,,2.747,,-665450.0,20580.912,1.2414,5.8763,
2018-04-19,,,4.47,-665450.0,20580.912,1.2414,5.8763,
2018-04-23,,2.798,,-665450.0,20580.912,1.2414,5.8763,
2018-04-26,,,4.58,-665450.0,20580.912,1.2414,5.8763,
2018-04-30,,2.846,,-665450.0,20580.912,1.2414,5.8763,
2018-05-01,3.8,,,-665450.0,20580.912,1.2414,5.8763,-41635.0
2018-05-03,,,4.55,-665450.0,20580.912,1.2414,5.8763,
2018-05-07,,2.845,,-665450.0,20580.912,1.2414,5.8763,
2018-05-10,,,4.55,-665450.0,20580.912,1.2414,5.8763,
2018-05-14,,2.873,,-665450.0,20580.912,1.2414,5.8763,
2018-05-17,,,4.61,-665450.0,20580.912,1.2414,5.8763,
2018-05-21,,2.923,,-665450.0,20580.912,1.2414,5.8763,
2018-05-24,,,4.66,-665450.0,20580.912,1.2414,5.8763,
2018-05-28,,2.962,,-665450.0,20580.912,1.2414,5.8763,
2018-05-31,,,4.56,-665450.0,20580.912,1.2414,5.8763,
2018-06-01,4.0,,,-665450.0,20580.912,1.2414,5.8763,-44928.0
2018-06-04,,2.94,,-665450.0,20580.912,1.2414,5.8763,
2018-06-07,,,4.54,-665450.0,20580.912,1.2414,5.8763,
2018-06-11,,2.911,,-665450.0,20580.912,1.2414,5.8763,
2018-06-14,,,4.62,-665450.0,20580.912,1.2414,5.8763,
2018-06-18,,2.879,,-665450.0,20580.912,1.2414,5.8763,
2018-06-21,,,4.57,-665450.0,20580.912,1.2414,5.8763,
2018-06-25,,2.833,,-665450.0,20580.912,1.2414,5.8763,
2018-06-28,,,4.55,-665450.0,20580.912,1.2414,5.8763,
2018-07-01,3.8,,,-665450.0,20798.73,1.0583,5.617,-49560.0
2018-07-02,,2.844,,-665450.0,20798.73,1.0583,5.617,
2018-07-05,,,4.52,-665450.0,20798.73,1.0583,5.617,
2018-07-09,,2.857,,-665450.0,20798.73,1.0583,5.617,
2018-07-12,,,4.53,-665450.0,20798.73,1.0583,5.617,
2018-07-16,,2.865,,-665450.0,20798.73,1.0583,5.617,
2018-07-19,,,4.52,-665450.0,20798.73,1.0583,5.617,
2018-07-23,,2.831,,-665450.0,20798.73,1.0583,5.617,
2018-07-26,,,4.54,-665450.0,20798.73,1.0583,5.617,
2018-07-30,,2.846,,-665450.0,20798.73,1.0583,5.617,
2018-08-01,3.8,,,-665450.0,20798.73,1.0583,5.617,-49301.0
2018-08-02,,,4.6,-665450.0,20798.73,1.0583,5.617,
2018-08-06,,2.852,,-665450.0,20798.73,1.0583,5.617,
2018-08-09,,,4.59,-665450.0,20798.73,1.0583,5.617,
2018-08-13,,2.843,,-665450.0,20798.73,1.0583,5.617,
2018-08-16,,,4.53,-665450.0,20798.73,1.0583,5.617,
2018-08-20,,2.821,,-665450.0,20798.73,1.0583,5.617,
2018-08-23,,,4.51,-665450.0,20798.73,1.0583,5.617,
2018-08-27,,2.827,,-665450.0,20798.73,1.0583,5.617,
2018-08-30,,,4.52,-665450.0,20798.73,1.0583,5.617,
2018-09-01,3.7,,,-665450.0,20798.73,1.0583,5.617,-50245.0
2018-09-03,,2.824,,-665450.0,20798.73,1.0583,5.617,
2018-09-06,,,4.54,-665450.0,20798.73,1.0583,5.617,
2018-09-10,,2.833,,-665450.0,20798.73,1.0583,5.617,
2018-09-13,,,4.6,-665450.0,20798.73,1.0583,5.617,
2018-09-17,,2.841,,-665450.0,20798.73,1.0583,5.617,
2018-09-20,,,4.65,-665450.0,20798.73,1.0583,5.617,
2018-09-24,,2.844,,-665450.0,20798.73,1.0583,5.617,
2018-09-27,,,4.72,-665450.0,20798.73,1.0583,5.617,
2018-09-30,,,,-779074.0,20798.73,1.0583,5.617,
2018-10-01,3.8,2.866,,-779074.0,20917.867,0.5728,4.3957,-52160.0
2018-10-04,,,4.71,-779074.0,20917.867,0.5728,4.3957,
2018-10-08,,2.903,,-779074.0,20917.867,0.5728,4.3957,
2018-10-11,,,4.9,-779074.0,20917.867,0.5728,4.3957,
2018-10-15,,2.879,,-779074.0,20917.867,0.5728,4.3957,
2018-10-18,,,4.85,-779074.0,20917.867,0.5728,4.3957,
2018-10-22,,2.841,,-779074.0,20917.867,0.5728,4.3957,
2018-10-25,,,4.86,-779074.0,20917.867,0.5728,4.3957,
2018-10-29,,2.811,,-779074.0,20917.867,0.5728,4.3957,
2018-11-01,3.8,,4.83,-779074.0,20917.867,0.5728,4.3957,-49143.0
2018-11-05,,2.753,,-779074.0,20917.867,0.5728,4.3957,
2018-11-08,,,4.94,-779074.0,20917.867,0.5728,4.3957,
2018-11-12,,2.686,,-779074.0,20917.867,0.5728,4.3957,
2018-11-15,,,4.94,-779074.0,20917.867,0.5728,4.3957,
2018-11-19,,2.611,,-779074.0,20917.867,0.5728,4.3957,
2018-11-21,,,4.81,-779074.0,20917.867,0.5728,4.3957,
2018-11-26,,2.539,,-779074.0,20917.867,0.5728,4.3957,
2018-11-29,,,4.81,-779074.0,20917.867,0.5728,4.3957,
2018-12-01,3.9,,,-779074.0,20917.867,0.5728,4.3957,-54997.0
2018-12-03,,2.451,,-779074.0,20917.867,0.5728,4.3957,
2018-12-06,,,4.75,-779074.0,20917.867,0.5728,4.3957,
2018-12-10,,2.421,,-779074.0,20917.867,0.5728,4.3957,
2018-12-13,,,4.63,-779074.0,20917.867,0.5728,4.3957,
2018-12-17,,2.369,,-779074.0,20917.867,0.5728,4.3957,
2018-12-20,,,4.62,-779074.0,20917.867,0.5728,4.3957,
2018-12-24,,2.321,,-779074.0,20917.867,0.5728,4.3957,
2018-12-27,,,4.55,-779074.0,20917.867,0.5728,4.3957,
2018-12-31,,2.266,,-779074.0,20917.867,0.5728,4.3957,
2019-01-01,4.0,,,-779074.0,21111.6,0.9262,3.852,-48785.0
2019-01-03,,,4.51,-779074.0,21111.6,0.9262,3.852,
2019-01-07,,2.237,,-779074.0,21111.6,0.9262,3.852,
2019-01-10,,,4.45,-779074.0,21111.6,0.9262,3.852,
2019-01-14,,2.247,,-779074.0,21111.6,0.9262,3.852,
2019-01-17,,,4.45,-779074.0,21111.6,0.9262,3.852,
2019-01-21,,2.251,,-779074.0,21111.6,0.9262,3.852,
2019-01-24,,,4.45,-779074.0,21111.6,0.9262,3.852,
2019-01-28,,2.256,,-779074.0,21111.6,0.9262,3.852,
2019-01-31,,,4.46,-779074.0,21111.6,0.9262,3.852,
2019-02-01,3.8,,,-779074.0,21111.6,0.9262,3.852,-47570.0
2019-02-04,,2.254,,-779074.0,21111.6,0.9262,3.852,
2019-02-07,,,4.41,-779074.0,21111.6,0.9262,3.852,
2019-02-11,,2.276,,-779074.0,21111.6,0.9262,3.852,
2019-02-14,,,4.37,-779074.0,21111.6,0.9262,3.852,
2019-02-18,,2.317,,-779074.0,21111.6,0.9262,3.852,
2019-02-21,,,4.35,-779074.0,21111.6,0.9262,3.852,
2019-02-25,,2.39,,-779074.0,21111.6,0.9262,3.852,
2019-02-28,,,4.35,-779074.0,21111.6,0.9262,3.852,
2019-03-01,3.8,,,-779074.0,21111.6,0.9262,3.852,-48154.0
2019-03-04,,2.422,,-779074.0,21111.6,0.9262,3.852,
2019-03-07,,,4.41,-779074.0,21111.6,0.9262,3.852,
2019-03-11,,2.471,,-779074.0,21111.6,0.9262,3.852,
2019-03-14,,,4.31,-779074.0,21111.6,0.9262,3.852,
2019-03-18,,2.548,,-779074.0,21111.6,0.9262,3.852,
2019-03-21,,,4.28,-779074.0,21111.6,0.9262,3.852,
2019-03-25,,2.623,,-779074.0,21111.6,0.9262,3.852,
2019-03-28,,,4.06,-779074.0,21111.6,0.9262,3.852,
2019-04-01,3.7,2.691,,-779074.0,21397.938,1.3563,3.9698,-49769.0
2019-04-04,,,4.08,-779074.0,21397.938,1.3563,3.9698,
2019-04-08,,2.745,,-779074.0,21397.938,1.3563,3.9698,
2019-04-11,,,4.12,-779074.0,21397.938,1.3563,3.9698,
2019-04-15,,2.828,,-779074.0,21397.938,1.3563,3.9698,
2019-04-18,,,4.17,-779074.0,21397.938,1.3563,3.9698,
2019-04-22,,2.841,,-779074.0,21397.938,1.3563,3.9698,
2019-04-25,,,4.2,-779074.0,21397.938,1.3563,3.9698,
2019-04-29,,2.887,,-779074.0,21397.938,1.3563,3.9698,
2019-05-01,3.6,,,-779074.0,21397.938,1.3563,3.9698,-51047.0
2019-05-02,,,4.14,-779074.0,21397.938,1.3563,3.9698,
2019-05-06,,2.897,,-779074.0,21397.938,1.3563,3.9698,
2019-05-09,,,4.1,-779074.0,21397.938,1.3563,3.9698,
2019-05-13,,2.866,,-779074.0,21397.938,1.3563,3.9698,
2019-05-16,,,4.07,-779074.0,21397.938,1.3563,3.9698,
2019-05-20,,2.852,,-779074.0,21397.938,1.3563,3.9698,
2019-05-23,,,4.06,-779074.0,21397.938,1.3563,3.9698,
2019-05-27,,2.822,,-779074.0,21397.938,1.3563,3.9698,
2019-05-30,,,3.99,-779074.0,21397.938,1.3563,3.9698,
2019-06-01,3.6,,,-779074.0,21397.938,1.3563,3.9698,-48703.0
2019-06-03,,2.807,,-779074.0,21397.938,1.3563,3.9698,
2019-06-06,,,3.82,-779074.0,21397.938,1.3563,3.9698,
2019-06-10,,2.732,,-779074.0,21397.938,1.3563,3.9698,
2019-06-13,,,3.82,-779074.0,21397.938,1.3563,3.9698,
2019-06-17,,2.67,,-779074.0,21397.938,1.3563,3.9698,
2019-06-20,,,3.84,-779074.0,21397.938,1.3563,3.9698,
2019-06-24,,2.654,,-779074.0,21397.938,1.3563,3.9698,
2019-06-27,,,3.73,-779074.0,21397.938,1.3563,3.9698,
2019-07-01,3.7,2.713,,-779074.0,21717.171,1.4919,4.4159,-48436.0
2019-07-03,,,3.75,-779074.0,21717.171,1.4919,4.4159,
2019-07-08,,2.743,,-779074.0,21717.171,1.4919,4.4159,
2019-07-11,,,3.75,-779074.0,21717.171,1.4919,4.4159,
2019-07-15,,2.779,,-779074.0,21717.171,1.4919,4.4159,
2019-07-18,,,3.81,-779074.0,21717.171,1.4919,4.4159,
2019-07-22,,2.75,,-779074.0,21717.171,1.4919,4.4159,
2019-07-25,,,3.75,-779074.0,21717.171,1.4919,4.4159,
2019-07-29,,2.715,,-779074.0,21717.171,1.4919,4.4159,
2019-08-01,3.6,,3.75,-779074.0,21717.171,1.4919,4.4159,-48676.0
2019-08-05,,2.688,,-779074.0,21717.171,1.4919,4.4159,
2019-08-08,,,3.6,-779074.0,21717.171,1.4919,4.4159,
2019-08-12,,2.624,,-779074.0,21717.171,1.4919,4.4159,
2019-08-15,,,3.6,-779074.0,21717.171,1.4919,4.4159,
2019-08-19,,2.598,,-779074.0,21717.171,1.4919,4.4159,
2019-08-22,,,3.55,-779074.0,21717.171,1.4919,4.4159,
2019-08-26,,2.574,,-779074.0,21717.171,1.4919,4.4159,
2019-08-29,,,3.58,-779074.0,21717.171,1.4919,4.4159,
2019-09-01,3.5,,,-779074.0,21717.171,1.4919,4.4159,-44400.0
2019-09-02,,2.563,,-779074.0,21717.171,1.4919,4.4159,
2019-09-05,,,3.49,-779074.0,21717.171,1.4919,4.4159,
2019-09-09,,2.55,,-779074.0,21717.171,1.4919,4.4159,
2019-09-12,,,3.56,-779074.0,21717.171,1.4919,4.4159,
2019-09-16,,2.552,,-779074.0,21717.171,1.4919,4.4159,
2019-09-19,,,3.73,-779074.0,21717.171,1.4919,4.4159,
2019-09-23,,2.654,,-779074.0,21717.171,1.4919,4.4159,
2019-09-26,,,3.64,-779074.0,21717.171,1.4919,4.4159,
2019-09-30,,2.642,,-983588.0,21717.171,1.4919,4.4159,
2019-10-01,3.6,,,-983588.0,21933.217,0.9948,4.854,-41305.0
2019-10-03,,,3.65,-983588.0,21933.217,0.9948,4.854,
2019-10-07,,2.645,,-983588.0,21933.217,0.9948,4.854,
2019-10-10,,,3.57,-983588.0,21933.217,0.9948,4.854,
2019-10-14,,2.629,,-983588.0,21933.217,0.9948,4.854,
2019-10-17,,,3.69,-983588.0,21933.217,0.9948,4.854,
2019-10-21,,2.638,,-983588.0,21933.217,0.9948,4.854,
2019-10-24,,,3.75,-983588.0,21933.217,0.9948,4.854,
2019-10-28,,2.596,,-983588.0,21933.217,0.9948,4.854,
2019-10-31,,,3.78,-983588.0,21933.217,0.9948,4.854,
2019-11-01,3.6,,,-983588.0,21933.217,0.9948,4.854,-38786.0
2019-11-04,,2.605,,-983588.0,21933.217,0.9948,4.854,
2019-11-07,,,3.69,-983588.0,21933.217,0.9948,4.854,
2019-11-11,,2.615,,-983588.0,21933.217,0.9948,4.854,
2019-11-14,,,3.75,-983588.0,21933.217,0.9948,4.854,
2019-11-18,,2.592,,-983588.0,21933.217,0.9948,4.854,
2019-11-21,,,3.66,-983588.0,21933.217,0.9948,4.854,
2019-11-25,,2.579,,-983588.0,21933.217,0.9948,4.854,
2019-11-27,,,3.68,-983588.0,21933.217,0.9948,4.854,
2019-12-01,3.6,,,-983588.0,21933.217,0.9948,4.854,-43639.0
2019-12-02,,2.575,,-983588.0,21933.217,0.9948,4.854,
2019-12-05,,,3.68,-983588.0,21933.217,0.9948,4.854,
2019-12-09,,2.561,,-983588.0,21933.217,0.9948,4.854,
2019-12-12,,,3.73,-983588.0,21933.217,0.9948,4.854,
2019-12-16,,2.536,,-983588.0,21933.217,0.9948,4.854,
2019-12-19,,,3.73,-983588.0,21933.217,0.9948,4.854,
2019-12-23,,2.532,,-983588.0,21933.217,0.9948,4.854,
2019-12-26,,,3.74,-983588.0,21933.217,0.9948,4.854,
2019-12-30,,2.571,,-983588.0,21933.217,0.9948,4.854,
2020-01-01,3.6,,,-983588.0,21751.238,-0.8297,3.0298,-43562.0
2020-01-02,,,3.72,-983588.0,21751.238,-0.8297,3.0298,
2020-01-06,,2.578,,-983588.0,21751.238,-0.8297,3.0298,
2020-01-09,,,3.64,-983588.0,21751.238,-0.8297,3.0298,
2020-01-13,,2.57,,-983588.0,21751.238,-0.8297,3.0298,
2020-01-16,,,3.65,-983588.0,21751.238,-0.8297,3.0298,
2020-01-20,,2.537,,-983588.0,21751.238,-0.8297,3.0298,
2020-01-23,,,3.6,-983588.0,21751.238,-0.8297,3.0298,
2020-01-27,,2.506,,-983588.0,21751.238,-0.8297,3.0298,
2020-01-30,,,3.51,-983588.0,21751.238,-0.8297,3.0298,
2020-02-01,3.5,,,-983588.0,21751.238,-0.8297,3.0298,-39931.0
2020-02-03,,2.455,,-983588.0,21751.238,-0.8297,3.0298,
2020-02-06,,,3.45,-983588.0,21751.238,-0.8297,3.0298,
2020-02-10,,2.419,,-983588.0,21751.238,-0.8297,3.0298,
2020-02-13,,,3.47,-983588.0,21751.238,-0.8297,3.0298,
2020-02-17,,2.428,,-983588.0,21751.238,-0.8297,3.0298,
2020-02-20,,,3.49,-983588.0,21751.238,-0.8297,3.0298,
2020-02-24,,2.466,,-983588.0,21751.238,-0.8297,3.0298,
2020-02-27,,,3.45,-983588.0,21751.238,-0.8297,3.0298,
2020-03-01,4.4,,,-983588.0,21751.238,-0.8297,3.0298,-42374.0
2020-03-02,,2.423,,-983588.0,21751.238,-0.8297,3.0298,
2020-03-05,,,3.29,-983588.0,21751.238,-0.8297,3.0298,
2020-03-09,,2.375,,-983588.0,21751.238,-0.8297,3.0298,
2020-03-12,,,3.36,-983588.0,21751.238,-0.8297,3.0298,
2020-03-16,,2.248,,-983588.0,21751.238,-0.8297,3.0298,
2020-03-19,,,3.65,-983588.0,21751.238,-0.8297,3.0298,
2020-03-23,,2.12,,-983588.0,21751.238,-0.8297,3.0298,
2020-03-26,,,3.5,-983588.0,21751.238,-0.8297,3.0298,
2020-03-30,,2.005,,-983588.0,21751.238,-0.8297,3.0298,
2020-04-01,14.8,,,-983588.0,19958.291,-8.243,-6.728,-51888.0
2020-04-02,,,3.33,-983588.0,19958.291,-8.243,-6.728,
2020-04-06,,1.924,,-983588.0,19958.291,-8.243,-6.728,
2020-04-09,,,3.33,-983588.0,19958.291,-8.243,-6.728,
2020-04-13,,1.853,,-983588.0,19958.291,-8.243,-6.728,
2020-04-16,,,3.31,-983588.0,19958.291,-8.243,-6.728,
2020-04-20,,1.812,,-983588.0,19958.291,-8.243,-6.728,
2020-04-23,,,3.33,-983588.0,19958.291,-8.243,-6.728,
2020-04-27,,1.773,,-983588.0,19958.291,-8.243,-6.728,
2020-04-30,,,3.23,-983588.0,19958.291,-8.243,-6.728,
2020-05-01,13.2,,,-983588.0,19958.291,-8.243,-6.728,-53995.0
2020-05-04,,1.789,,-983588.0,19958.291,-8.243,-6.728,
2020-05-07,,,3.26,-983588.0,19958.291,-8.243,-6.728,
2020-05-11,,1.851,,-983588.0,19958.291,-8.243,-6.728,
2020-05-14,,,3.28,-983588.0,19958.291,-8.243,-6.728,
2020-05-18,,1.878,,-983588.0,19958.291,-8.243,-6.728,
2020-05-21,,,3.24,-983588.0,19958.291,-8.243,-6.728,
2020-05-25,,1.96,,-983588.0,19958.291,-8.243,-6.728,
2020-05-28,,,3.15,-983588.0,19958.291,-8.243,-6.728,
2020-06-01,11.0,1.974,,-983588.0,19958.291,-8.243,-6.728,-49161.0
2020-06-04,,,3.18,-983588.0,19958.291,-8.243,-6.728,
2020-06-08,,2.036,,-983588.0,19958.291,-8.243,-6.728,
2020-06-11,,,3.21,-983588.0,19958.291,-8.243,-6.728,
2020-06-15,,2.098,,-983588.0,19958.291,-8.243,-6.728,
2020-06-18,,,3.13,-983588.0,19958.291,-8.243,-6.728,
2020-06-22,,2.129,,-983588.0,19958.291,-8.243,-6.728,
2020-06-25,,,3.13,-983588.0,19958.291,-8.243,-6.728,
2020-06-29,,2.174,,-983588.0,19958.291,-8.243,-6.728,
2020-07-01,10.2,,,-983588.0,21704.437,8.749,-0.0586,-58882.0
2020-07-02,,,3.07,-983588.0,21704.437,8.749,-0.0586,
2020-07-06,,2.177,,-983588.0,21704.437,8.749,-0.0586,
2020-07-09,,,3.03,-983588.0,21704.437,8.749,-0.0586,
2020-07-13,,2.195,,-983588.0,21704.437,8.749,-0.0586,
2020-07-16,,,2.98,-983588.0,21704.437,8.749,-0.0586,
2020-07-20,,2.186,,-983588.0,21704.437,8.749,-0.0586,
2020-07-23,,,3.01,-983588.0,21704.437,8.749,-0.0586,
2020-07-27,,2.175,,-983588.0,21704.437,8.749,-0.0586,
2020-07-30,,,2.99,-983588.0,21704.437,8.749,-0.0586,
2020-08-01,8.4,,,-983588.0,21704.437,8.749,-0.0586,-61843.0
2020-08-03,,2.176,,-983588.0,21704.437,8.749,-0.0586,
2020-08-06,,,2.88,-983588.0,21704.437,8.749,-0.0586,
2020-08-10,,2.166,,-983588.0,21704.437,8.749,-0.0586,
2020-08-13,,,2.96,-983588.0,21704.437,8.749,-0.0586,
2020-08-17,,2.166,,-983588.0,21704.437,8.749,-0.0586,
2020-08-20,,,2.99,-983588.0,21704.437,8.749,-0.0586,
2020-08-24,,2.182,,-983588.0,21704.437,8.749,-0.0586,
2020-08-27,,,2.91,-983588.0,21704.437,8.749,-0.0586,
2020-08-31,,2.222,,-983588.0,21704.437,8.749,-0.0586,
2020-09-01,7.8,,,-983588.0,21704.437,8.749,-0.0586,-57002.0
2020-09-03,,,2.93,-983588.0,21704.437,8.749,-0.0586,
2020-09-07,,2.211,,-983588.0,21704.437,8.749,-0.0586,
2020-09-10,,,2.86,-983588.0,21704.437,8.749,-0.0586,
2020-09-14,,2.183,,-983588.0,21704.437,8.749,-0.0586,
2020-09-17,,,2.87,-983588.0,21704.437,8.749,-0.0586,
2020-09-21,,2.168,,-983588.0,21704.437,8.749,-0.0586,
2020-09-24,,,2.9,-983588.0,21704.437,8.749,-0.0586,
2020-09-28,,2.169,,-983588.0,21704.437,8.749,-0.0586,
2020-09-30,,,,-3095653.0,21704.437,8.749,-0.0586,
2020-10-01,6.9,,2.88,-3095653.0,22087.16,1.7633,0.7019,-61126.0
2020-10-05,,2.172,,-3095653.0,22087.16,1.7633,0.7019,
2020-10-08,,,2.87,-3095653.0,22087.16,1.7633,0.7019,
2020-10-12,,2.167,,-3095653.0,22087.16,1.7633,0.7019,
2020-10-15,,,2.81,-3095653.0,22087.16,1.7633,0.7019,
2020-10-19,,2.15,,-3095653.0,22087.16,1.7633,0.7019,
2020-10-22,,,2.8,-3095653.0,22087.16,1.7633,0.7019,
2020-10-26,,2.143,,-3095653.0,22087.16,1.7633,0.7019,
2020-10-29,,,2.81,-3095653.0,22087.16,1.7633,0.7019,
2020-11-01,6.7,,,-3095653.0,22087.16,1.7633,0.7019,-64349.0
2020-11-02,,2.112,,-3095653.0,22087.16,1.7633,0.7019,
2020-11-05,,,2.78,-3095653.0,22087.16,1.7633,0.7019,
2020-11-09,,2.096,,-3095653.0,22087.16,1.7633,0.7019,
2020-11-12,,,2.84,-3095653.0,22087.16,1.7633,0.7019,
2020-11-16,,2.111,,-3095653.0,22087.16,1.7633,0.7019,
2020-11-19,,,2.72,-3095653.0,22087.16,1.7633,0.7019,
2020-11-23,,2.102,,-3095653.0,22087.16,1.7633,0.7019,
2020-11-25,,,2.72,-3095653.0,22087.16,1.7633,0.7019,
2020-11-30,,2.12,,-3095653.0,22087.16,1.7633,0.7019,
2020-12-01,6.7,,,-3095653.0,22087.16,1.7633,0.7019,-61928.0
2020-12-03,,,2.71,-3095653.0,22087.16,1.7633,0.7019,
2020-12-07,,2.156,,-3095653.0,22087.16,1.7633,0.7019,
2020-12-10,,,2.71,-3095653.0,22087.16,1.7633,0.7019,
2020-12-14,,2.158,,-3095653.0,22087.16,1.7633,0.7019,
2020-12-17,,,2.67,-3095653.0,22087.16,1.7633,0.7019,
2020-12-21,,2.224,,-3095653.0,22087.16,1.7633,0.7019,
2020-12-24,,,2.66,-3095653.0,22087.16,1.7633,0.7019,
2020-12-28,,2.243,,-3095653.0,22087.16,1.7633,0.7019,
2020-12-31,,,2.67,-3095653.0,22087.16,1.7633,0.7019,
2021-01-01,6.4,,,-3095653.0,22680.693,2.6872,4.2731,-62826.0
2021-01-04,,2.249,,-3095653.0,22680.693,2.6872,4.2731,
2021-01-07,,,2.65,-3095653.0,22680.693,2.6872,4.2731,
2021-01-11,,2.317,,-3095653.0,22680.693,2.6872,4.2731,
2021-01-14,,,2.79,-3095653.0,22680.693,2.6872,4.2731,
2021-01-18,,2.379,,-3095653.0,22680.693,2.6872,4.2731,
2021-01-21,,,2.77,-3095653.0,22680.693,2.6872,4.2731,
2021-01-25,,2.392,,-3095653.0,22680.693,2.6872,4.2731,
2021-01-28,,,2.73,-3095653.0,22680.693,2.6872,4.2731,
2021-02-01,6.2,2.409,,-3095653.0,22680.693,2.6872,4.2731,-65630.0
2021-02-04,,,2.73,-3095653.0,22680.693,2.6872,4.2731,
2021-02-08,,2.461,,-3095653.0,22680.693,2.6872,4.2731,
2021-02-11,,,2.73,-3095653.0,22680.693,2.6872,4.2731,
2021-02-15,,2.501,,-3095653.0,22680.693,2.6872,4.2731,
2021-02-18,,,2.81,-3095653.0,22680.693,2.6872,4.2731,
2021-02-22,,2.633,,-3095653.0,22680.693,2.6872,4.2731,
2021-02-25,,,2.97,-3095653.0,22680.693,2.6872,4.2731,
2021-03-01,6.1,2.711,,-3095653.0,22680.693,2.6872,4.2731,-65658.0
2021-03-04,,,3.02,-3095653.0,22680.693,2.6872,4.2731,
2021-03-08,,2.771,,-3095653.0,22680.693,2.6872,4.2731,
2021-03-11,,,3.05,-3095653.0,22680.693,2.6872,4.2731,
2021-03-15,,2.853,,-3095653.0,22680.693,2.6872,4.2731,
2021-03-18,,,3.09,-3095653.0,22680.693,2.6872,4.2731,
2021-03-22,,2.865,,-3095653.0,22680.693,2.6872,4.2731,
2021-03-25,,,3.17,-3095653.0,22680.693,2.6872,4.2731,
2021-03-29,,2.852,,-3095653.0,22680.693,2.6872,4.2731,
2021-04-01,6.1,,3.18,-3095653.0,23425.91,3.2857,17.3743,-65115.0
2021-04-05,,2.857,,-3095653.0,23425.91,3.2857,17.3743,
2021-04-08,,,3.13,-3095653.0,23425.91,3.2857,17.3743,
2021-04-12,,2.849,,-3095653.0,23425.91,3.2857,17.3743,
2021-04-15,,,3.04,-3095653.0,23425.91,3.2857,17.3743,
2021-04-19,,2.855,,-3095653.0,23425.91,3.2857,17.3743,
2021-04-22,,,2.97,-3095653.0,23425.91,3.2857,17.3743,
2021-04-26,,2.872,,-3095653.0,23425.91,3.2857,17.3743,
2021-04-29,,,2.98,-3095653.0,23425.91,3.2857,17.3743,
2021-05-01,5.8,,,-3095653.0,23425.91,3.2857,17.3743,-65779.0
2021-05-03,,2.89,,-3095653.0,23425.91,3.2857,17.3743,
2021-05-06,,,2.96,-3095653.0,23425.91,3.2857,17.3743,
2021-05-10,,2.961,,-3095653.0,23425.91,3.2857,17.3743,
2021-05-13,,,2.94,-3095653.0,23425.91,3.2857,17.3743,
2021-05-17,,3.028,,-3095653.0,23425.91,3.2857,17.3743,
2021-05-20,,,3.0,-3095653.0,23425.91,3.2857,17.3743,
2021-05-24,,3.02,,-3095653.0,23425.91,3.2857,17.3743,
2021-05-27,,,2.95,-3095653.0,23425.91,3.2857,17.3743,
2021-05-31,,3.027,,-3095653.0,23425.91,3.2857,17.3743,
2021-06-01,5.9,,,-3095653.0,23425.91,3.2857,17.3743,-71187.0
2021-06-03,,,2.99,-3095653.0,23425.91,3.2857,17.3743,
2021-06-07,,3.035,,-3095653.0,23425.91,3.2857,17.3743,
2021-06-10,,,2.96,-3095653.0,23425.91,3.2857,17.3743,
2021-06-14,,3.069,,-3095653.0,23425.91,3.2857,17.3743,
2021-06-17,,,2.93,-3095653.0,23425.91,3.2857,17.3743,
2021-06-21,,3.06,,-3095653.0,23425.91,3.2857,17.3743,
2021-06-24,,,3.02,-3095653.0,23425.91,3.2857,17.3743,
2021-06-28,,3.091,,-3095653.0,23425.91,3.2857,17.3743,
2021-07-01,5.4,,2.98,-3095653.0,23982.379,2.3754,10.4953,-69169.0
2021-07-05,,3.122,,-3095653.0,23982.379,2.3754,10.4953,
2021-07-08,,,2.9,-3095653.0,23982.379,2.3754,10.4953,
2021-07-12,,3.133,,-3095653.0,23982.379,2.3754,10.4953,
2021-07-15,,,2.88,-3095653.0,23982.379,2.3754,10.4953,
2021-07-19,,3.153,,-3095653.0,23982.379,2.3754,10.4953,
2021-07-22,,,2.78,-3095653.0,23982.379,2.3754,10.4953,
2021-07-26,,3.136,,-3095653.0,23982.379,2.3754,10.4953,
2021-07-29,,,2.8,-3095653.0,23982.379,2.3754,10.4953,
2021-08-01,5.1,,,-3095653.0,23982.379,2.3754,10.4953,-72588.0
2021-08-02,,3.159,,-3095653.0,23982.379,2.3754,10.4953,
2021-08-05,,,2.77,-3095653.0,23982.379,2.3754,10.4953,
2021-08-09,,3.172,,-3095653.0,23982.379,2.3754,10.4953,
2021-08-12,,,2.87,-3095653.0,23982.379,2.3754,10.4953,
2021-08-16,,3.174,,-3095653.0,23982.379,2.3754,10.4953,
2021-08-19,,,2.86,-3095653.0,23982.379,2.3754,10.4953,
2021-08-23,,3.145,,-3095653.0,23982.379,2.3754,10.4953,
2021-08-26,,,2.87,-3095653.0,23982.379,2.3754,10.4953,
2021-08-30,,3.139,,-3095653.0,23982.379,2.3754,10.4953,
2021-09-01,4.7,,,-3095653.0,23982.379,2.3754,10.4953,-74657.0
2021-09-02,,,2.87,-3095653.0,23982.379,2.3754,10.4953,
2021-09-06,,3.176,,-3095653.0,23982.379,2.3754,10.4953,
2021-09-09,,,2.88,-3095653.0,23982.379,2.3754,10.4953,
2021-09-13,,3.165,,-3095653.0,23982.379,2.3754,10.4953,
2021-09-16,,,2.86,-3095653.0,23982.379,2.3754,10.4953,
2021-09-20,,3.184,,-3095653.0,23982.379,2.3754,10.4953,
2021-09-23,,,2.88,-3095653.0,23982.379,2.3754,10.4953,
2021-09-27,,3.175,,-3095653.0,23982.379,2.3754,10.4953,
2021-09-30,,,3.01,-2773594.0,23982.379,2.3754,10.4953,
2021-10-01,4.5,,,-2773594.0,24813.6,3.466,12.344,-66003.0
2021-10-04,,3.19,,-2773594.0,24813.6,3.466,12.344,
2021-10-07,,,2.99,-2773594.0,24813.6,3.466,12.344,
2021-10-11,,3.267,,-2773594.0,24813.6,3.466,12.344,
2021-10-14,,,3.05,-2773594.0,24813.6,3.466,12.344,
2021-10-18,,3.322,,-2773594.0,24813.6,3.466,12.344,
2021-10-21,,,3.09,-2773594.0,24813.6,3.466,12.344,
2021-10-25,,3.383,,-2773594.0,24813.6,3.466,12.344,
2021-10-28,,,3.14,-2773594.0,24813.6,3.466,12.344,
2021-11-01,4.1,3.39,,-2773594.0,24813.6,3.466,12.344,-79425.0
2021-11-04,,,3.09,-2773594.0,24813.6,3.466,12.344,
2021-11-08,,3.41,,-2773594.0,24813.6,3.466,12.344,
2021-11-10,,,2.98,-2773594.0,24813.6,3.466,12.344,
2021-11-15,,3.399,,-2773594.0,24813.6,3.466,12.344,
2021-11-18,,,3.1,-2773594.0,24813.6,3.466,12.344,
2021-11-22,,3.395,,-2773594.0,24813.6,3.466,12.344,
2021-11-24,,,3.1,-2773594.0,24813.6,3.466,12.344,
2021-11-29,,3.38,,-2773594.0,24813.6,3.466,12.344,
2021-12-01,3.9,,,-2773594.0,24813.6,3.466,12.344,-79238.0
2021-12-02,,,3.11,-2773594.0,24813.6,3.466,12.344,
2021-12-06,,3.341,,-2773594.0,24813.6,3.466,12.344,
2021-12-09,,,3.1,-2773594.0,24813.6,3.466,12.344,
2021-12-13,,3.315,,-2773594.0,24813.6,3.466,12.344,
2021-12-16,,,3.12,-2773594.0,24813.6,3.466,12.344,
2021-12-20,,3.295,,-2773594.0,24813.6,3.466,12.344,
2021-12-23,,,3.05,-2773594.0,24813.6,3.466,12.344,
2021-12-27,,3.275,,-2773594.0,24813.6,3.466,12.344,
2021-12-30,,,3.11,-2773594.0,24813.6,3.466,12.344,
2022-01-01,4.0,,,-2773594.0,25250.347,1.7601,11.3297,-83599.0
2022-01-03,,3.281,,-2773594.0,25250.347,1.7601,11.3297,
2022-01-06,,,3.22,-2773594.0,25250.347,1.7601,11.3297,
2022-01-10,,3.295,,-2773594.0,25250.347,1.7601,11.3297,
2022-01-13,,,3.45,-2773594.0,25250.347,1.7601,11.3297,
2022-01-17,,3.306,,-2773594.0,25250.347,1.7601,11.3297,
2022-01-20,,,3.56,-2773594.0,25250.347,1.7601,11.3297,
2022-01-24,,3.323,,-2773594.0,25250.347,1.7601,11.3297,
2022-01-27,,,3.55,-2773594.0,25250.347,1.7601,11.3297,
2022-01-31,,3.368,,-2773594.0,25250.347,1.7601,11.3297,
2022-02-01,3.9,,,-2773594.0,25250.347,1.7601,11.3297,-84685.0
2022-02-03,,,3.55,-2773594.0,25250.347,1.7601,11.3297,
2022-02-07,,3.444,,-2773594.0,25250.347,1.7601,11.3297,
2022-02-10,,,3.69,-2773594.0,25250.347,1.7601,11.3297,
2022-02-14,,3.487,,-2773594.0,25250.347,1.7601,11.3297,
2022-02-17,,,3.92,-2773594.0,25250.347,1.7601,11.3297,
2022-02-21,,3.53,,-2773594.0,25250.347,1.7601,11.3297,
2022-02-24,,,3.89,-2773594.0,25250.347,1.7601,11.3297,
2022-02-28,,3.608,,-2773594.0,25250.347,1.7601,11.3297,
2022-03-01,3.7,,,-2773594.0,25250.347,1.7601,11.3297,-99398.0
2022-03-03,,,3.76,-2773594.0,25250.347,1.7601,11.3297,
2022-03-07,,4.102,,-2773594.0,25250.347,1.7601,11.3297,
2022-03-10,,,3.85,-2773594.0,25250.347,1.7601,11.3297,
2022-03-14,,4.315,,-2773594.0,25250.347,1.7601,11.3297,
2022-03-17,,,4.16,-2773594.0,25250.347,1.7601,11.3297,
2022-03-21,,4.239,,-2773594.0,25250.347,1.7601,11.3297,
2022-03-24,,,4.42,-2773594.0,25250.347,1.7601,11.3297,
2022-03-28,,4.231,,-2773594.0,25250.347,1.7601,11.3297,
2022-03-31,,,4.67,-2773594.0,25250.347,1.7601,11.3297,
2022-04-01,3.7,,,-2773594.0,25861.292,2.4196,10.3961,-82878.0
2022-04-04,,4.17,,-2773594.0,25861.292,2.4196,10.3961,
2022-04-07,,,4.72,-2773594.0,25861.292,2.4196,10.3961,
2022-04-11,,4.091,,-2773594.0,25861.292,2.4196,10.3961,
2022-04-14,,,5.0,-2773594.0,25861.292,2.4196,10.3961,
2022-04-18,,4.066,,-2773594.0,25861.292,2.4196,10.3961,
2022-04-21,,,5.11,-2773594.0,25861.292,2.4196,10.3961,
2022-04-25,,4.107,,-2773594.0,25861.292,2.4196,10.3961,
2022-04-28,,,5.1,-2773594.0,25861.292,2.4196,10.3961,
2022-05-01,3.6,,,-2773594.0,25861.292,2.4196,10.3961,-82157.0
2022-05-02,,4.182,,-2773594.0,25861.292,2.4196,10.3961,
2022-05-05,,,5.27,-2773594.0,25861.292,2.4196,10.3961,
2022-05-09,,4.328,,-2773594.0,25861.292,2.4196,10.3961,
2022-05-12,,,5.3,-2773594.0,25861.292,2.4196,10.3961,
2022-05-16,,4.491,,-2773594.0,25861.292,2.4196,10.3961,
2022-05-19,,,5.25,-2773594.0,25861.292,2.4196,10.3961,
2022-05-23,,4.593,,-2773594.0,25861.292,2.4196,10.3961,
2022-05-26,,,5.1,-2773594.0,25861.292,2.4196,10.3961,
2022-05-30,,4.624,,-2773594.0,25861.292,2.4196,10.3961,
2022-06-01,3.6,,,-2773594.0,25861.292,2.4196,10.3961,-79785.0
2022-06-02,,,5.09,-2773594.0,25861.292,2.4196,10.3961,
2022-06-06,,4.876,,-2773594.0,25861.292,2.4196,10.3961,
2022-06-09,,,5.23,-2773594.0,25861.292,2.4196,10.3961,
2022-06-13,,5.006,,-2773594.0,25861.292,2.4196,10.3961,
2022-06-16,,,5.78,-2773594.0,25861.292,2.4196,10.3961,
2022-06-20,,4.962,,-2773594.0,25861.292,2.4196,10.3961,
2022-06-23,,,5.81,-2773594.0,25861.292,2.4196,10.3961,
2022-06-27,,4.872,,-2773594.0,25861.292,2.4196,10.3961,
2022-06-30,,,5.7,-2773594.0,25861.292,2.4196,10.3961,
2022-07-01,3.5,,,-2773594.0,26336.304,1.8368,9.8152,-68396.0
2022-07-04,,4.771,,-2773594.0,26336.304,1.8368,9.8152,
2022-07-07,,,5.3,-2773594.0,26336.304,1.8368,9.8152,
2022-07-11,,4.646,,-2773594.0,26336.304,1.8368,9.8152,
2022-07-14,,,5.51,-2773594.0,26336.304,1.8368,9.8152,
2022-07-18,,4.49,,-2773594.0,26336.304,1.8368,9.8152,
2022-07-21,,,5.54,-2773594.0,26336.304,1.8368,9.8152,
2022-07-25,,4.33,,-2773594.0,26336.304,1.8368,9.8152,
2022-07-28,,,5.3,-2773594.0,26336.304,1.8368,9.8152,
2022-08-01,3.6,4.192,,-2773594.0,26336.304,1.8368,9.8152,-66959.0
2022-08-04,,,4.99,-2773594.0,26336.304,1.8368,9.8152,
2022-08-08,,4.038,,-2773594.0,26336.304,1.8368,9.8152,
2022-08-11,,,5.22,-2773594.0,26336.304,1.8368,9.8152,
2022-08-15,,3.938,,-2773594.0,26336.304,1.8368,9.8152,
2022-08-18,,,5.13,-2773594.0,26336.304,1.8368,9.8152,
2022-08-22,,3.88,,-2773594.0,26336.304,1.8368,9.8152,
2022-08-25,,,5.55,-2773594.0,26336.304,1.8368,9.8152,
2022-08-29,,3.827,,-2773594.0,26336.304,1.8368,9.8152,
2022-09-01,3.5,,5.66,-2773594.0,26336.304,1.8368,9.8152,-67781.0
2022-09-05,,3.746,,-2773594.0,26336.304,1.8368,9.8152,
2022-09-08,,,5.89,-2773594.0,26336.304,1.8368,9.8152,
2022-09-12,,3.69,,-2773594.0,26336.304,1.8368,9.8152,
2022-09-15,,,6.02,-2773594.0,26336.304,1.8368,9.8152,
2022-09-19,,3.654,,-2773594.0,26336.304,1.8368,9.8152,
2022-09-22,,,6.29,-2773594.0,26336.304,1.8368,9.8152,
2022-09-26,,3.711,,-2773594.0,26336.304,1.8368,9.8152,
2022-09-29,,,6.7,-2773594.0,26336.304,1.8368,9.8152,
2022-09-30,,,,-1374171.0,26336.304,1.8368,9.8152,
2022-10-01,3.6,,,-1374171.0,26770.514,1.6487,7.8865,-74773.0
2022-10-03,,3.782,,-1374171.0,26770.514,1.6487,7.8865,
2022-10-06,,,6.66,-1374171.0,26770.514,1.6487,7.8865,
2022-10-10,,3.912,,-1374171.0,26770.514,1.6487,7.8865,
2022-10-13,,,6.92,-1374171.0,26770.514,1.6487,7.8865,
2022-10-17,,3.871,,-1374171.0,26770.514,1.6487,7.8865,
2022-10-20,,,6.94,-1374171.0,26770.514,1.6487,7.8865,
2022-10-24,,3.769,,-1374171.0,26770.514,1.6487,7.8865,
2022-10-27,,,7.08,-1374171.0,26770.514,1.6487,7.8865,
2022-10-31,,3.742,,-1374171.0,26770.514,1.6487,7.8865,
2022-11-01,3.6,,,-1374171.0,26770.514,1.6487,7.8865,-62798.0
2022-11-03,,,6.95,-1374171.0,26770.514,1.6487,7.8865,
2022-11-07,,3.796,,-1374171.0,26770.514,1.6487,7.8865,
2022-11-10,,,7.08,-1374171.0,26770.514,1.6487,7.8865,
2022-11-14,,3.762,,-1374171.0,26770.514,1.6487,7.8865,
2022-11-17,,,6.61,-1374171.0,26770.514,1.6487,7.8865,
2022-11-21,,3.648,,-1374171.0,26770.514,1.6487,7.8865,
2022-11-23,,,6.58,-1374171.0,26770.514,1.6487,7.8865,
2022-11-28,,3.534,,-1374171.0,26770.514,1.6487,7.8865,
2022-12-01,3.5,,6.49,-1374171.0,26770.514,1.6487,7.8865,-70521.0
2022-12-05,,3.39,,-1374171.0,26770.514,1.6487,7.8865,
2022-12-08,,,6.33,-1374171.0,26770.514,1.6487,7.8865,
2022-12-12,,3.239,,-1374171.0,26770.514,1.6487,7.8865,
2022-12-15,,,6.31,-1374171.0,26770.514,1.6487,7.8865,
2022-12-19,,3.12,,-1374171.0,26770.514,1.6487,7.8865,
2022-12-22,,,6.27,-1374171.0,26770.514,1.6487,7.8865,
2022-12-26,,3.091,,-1374171.0,26770.514,1.6487,7.8865,
2022-12-29,,,6.42,-1374171.0,26770.514,1.6487,7.8865,
2023-01-01,3.5,,,-1374171.0,27216.445,1.6658,7.7864,-68800.0
2023-01-02,,3.223,,-1374171.0,27216.445,1.6658,7.7864,
2023-01-05,,,6.48,-1374171.0,27216.445,1.6658,7.7864,
2023-01-09,,3.259,,-1374171.0,27216.445,1.6658,7.7864,
2023-01-12,,,6.33,-1374171.0,27216.445,1.6658,7.7864,
2023-01-16,,3.31,,-1374171.0,27216.445,1.6658,7.7864,
2023-01-19,,,6.15,-1374171.0,27216.445,1.6658,7.7864,
2023-01-23,,3.415,,-1374171.0,27216.445,1.6658,7.7864,
2023-01-26,,,6.13,-1374171.0,27216.445,1.6658,7.7864,
2023-01-30,,3.489,,-1374171.0,27216.445,1.6658,7.7864,
2023-02-01,3.6,,,-1374171.0,27216.445,1.6658,7.7864,-69202.0
2023-02-02,,,6.09,-1374171.0,27216.445,1.6658,7.7864,
2023-02-06,,3.444,,-1374171.0,27216.445,1.6658,7.7864,
2023-02-09,,,6.12,-1374171.0,27216.445,1.6658,7.7864,
2023-02-13,,3.39,,-1374171.0,27216.445,1.6658,7.7864,
2023-02-16,,,6.32,-1374171.0,27216.445,1.6658,7.7864,
2023-02-20,,3.379,,-1374171.0,27216.445,1.6658,7.7864,
2023-02-23,,,6.5,-1374171.0,27216.445,1.6658,7.7864,
2023-02-27,,3.342,,-1374171.0,27216.445,1.6658,7.7864,
2023-03-01,3.5,,,-1374171.0,27216.445,1.6658,7.7864,-58587.0
2023-03-02,,,6.65,-1374171.0,27216.445,1.6658,7.7864,
2023-03-06,,3.389,,-1374171.0,27216.445,1.6658,7.7864,
2023-03-09,,,6.73,-1374171.0,27216.445,1.6658,7.7864,
2023-03-13,,3.456,,-1374171.0,27216.445,1.6658,7.7864,
2023-03-16,,,6.6,-1374171.0,27216.445,1.6658,7.7864,
2023-03-20,,3.422,,-1374171.0,27216.445,1.6658,7.7864,
2023-03-23,,,6.42,-1374171.0,27216.445,1.6658,7.7864,
2023-03-27,,3.421,,-1374171.0,27216.445,1.6658,7.7864,
2023-03-30,,,6.32,-1374171.0,27216.445,1.6658,7.7864,
2023-04-01,3.4,,,-1374171.0,27530.055,1.1523,6.4527,-71110.0
2023-04-03,,3.497,,-1374171.0,27530.055,1.1523,6.4527,
2023-04-06,,,6.28,-1374171.0,27530.055,1.1523,6.4527,
2023-04-10,,3.596,,-1374171.0,27530.055,1.1523,6.4527,
2023-04-13,,,6.27,-1374171.0,27530.055,1.1523,6.4527,
2023-04-17,,3.663,,-1374171.0,27530.055,1.1523,6.4527,
2023-04-20,,,6.39,-1374171.0,27530.055,1.1523,6.4527,
2023-04-24,,3.656,,-1374171.0,27530.055,1.1523,6.4527,
2023-04-27,,,6.43,-1374171.0,27530.055,1.1523,6.4527,
2023-05-01,3.6,3.6,,-1374171.0,27530.055,1.1523,6.4527,-65814.0
2023-05-04,,,6.39,-1374171.0,27530.055,1.1523,6.4527,
2023-05-08,,3.533,,-1374171.0,27530.055,1.1523,6.4527,
2023-05-11,,,6.35,-1374171.0,27530.055,1.1523,6.4527,
2023-05-15,,3.536,,-1374171.0,27530.055,1.1523,6.4527,
2023-05-18,,,6.39,-1374171.0,27530.055,1.1523,6.4527,
2023-05-22,,3.534,,-1374171.0,27530.055,1.1523,6.4527,
2023-05-25,,,6.57,-1374171.0,27530.055,1.1523,6.4527,
2023-05-29,,3.571,,-1374171.0,27530.055,1.1523,6.4527,
2023-06-01,3.6,,6.79,-1374171.0,27530.055,1.1523,6.4527,-65163.0
2023-06-05,,3.541,,-1374171.0,27530.055,1.1523,6.4527,
2023-06-08,,,6.71,-1374171.0,27530.055,1.1523,6.4527,
2023-06-12,,3.595,,-1374171.0,27530.055,1.1523,6.4527,
2023-06-15,,,6.69,-1374171.0,27530.055,1.1523,6.4527,
2023-06-19,,3.577,,-1374171.0,27530.055,1.1523,6.4527,
2023-06-22,,,6.67,-1374171.0,27530.055,1.1523,6.4527,
2023-06-26,,3.571,,-1374171.0,27530.055,1.1523,6.4527,
2023-06-29,,,6.71,-1374171.0,27530.055,1.1523,6.4527,
2023-07-01,3.5,,,-1374171.0,28074.846,1.9789,6.6013,-63759.0
2023-07-03,,3.527,,-1374171.0,28074.846,1.9789,6.6013,
2023-07-06,,,6.81,-1374171.0,28074.846,1.9789,6.6013,
2023-07-10,,3.546,,-1374171.0,28074.846,1.9789,6.6013,
2023-07-13,,,6.96,-1374171.0,28074.846,1.9789,6.6013,
2023-07-17,,3.559,,-1374171.0,28074.846,1.9789,6.6013,
2023-07-20,,,6.78,-1374171.0,28074.846,1.9789,6.6013,
2023-07-24,,3.596,,-1374171.0,28074.846,1.9789,6.6013,
2023-07-27,,,6.81,-1374171.0,28074.846,1.9789,6.6013,
2023-07-31,,3.757,,-1374171.0,28074.846,1.9789,6.6013,
2023-08-01,3.7,,,-1374171.0,28074.846,1.9789,6.6013,-59165.0
2023-08-03,,,6.9,-1374171.0,28074.846,1.9789,6.6013,
2023-08-07,,3.828,,-1374171.0,28074.846,1.9789,6.6013,
2023-08-10,,,6.96,-1374171.0,28074.846,1.9789,6.6013,
2023-08-14,,3.85,,-1374171.0,28074.846,1.9789,6.6013,
2023-08-17,,,7.09,-1374171.0,28074.846,1.9789,6.6013,
2023-08-21,,3.868,,-1374171.0,28074.846,1.9789,6.6013,
2023-08-24,,,7.23,-1374171.0,28074.846,1.9789,6.6013,
2023-08-28,,3.813,,-1374171.0,28074.846,1.9789,6.6013,
2023-08-31,,,7.18,-1374171.0,28074.846,1.9789,6.6013,
2023-09-01,3.7,,,-1374171.0,28074.846,1.9789,6.6013,-59565.0
2023-09-04,,3.807,,-1374171.0,28074.846,1.9789,6.6013,
2023-09-07,,,7.12,-1374171.0,28074.846,1.9789,6.6013,
2023-09-11,,3.822,,-1374171.0,28074.846,1.9789,6.6013,
2023-09-14,,,7.18,-1374171.0,28074.846,1.9789,6.6013,
2023-09-18,,3.878,,-1374171.0,28074.846,1.9789,6.6013,
2023-09-21,,,7.19,-1374171.0,28074.846,1.9789,6.6013,
2023-09-25,,3.837,,-1374171.0,28074.846,1.9789,6.6013,
2023-09-28,,,7.31,-1374171.0,28074.846,1.9789,6.6013,
2023-09-30,,,,-1687467.0,28074.846,1.9789,6.6013,
2023-10-01,3.9,,,-1687467.0,28424.722,1.2462,6.1792,-64100.0
2023-10-02,,3.798,,-1687467.0,28424.722,1.2462,6.1792,
2023-10-05,,,7.49,-1687467.0,28424.722,1.2462,6.1792,
2023-10-09,,3.684,,-1687467.0,28424.722,1.2462,6.1792,
2023-10-12,,,7.57,-1687467.0,28424.722,1.2462,6.1792,
2023-10-16,,3.576,,-1687467.0,28424.722,1.2462,6.1792,
2023-10-19,,,7.63,-1687467.0,28424.722,1.2462,6.1792,
2023-10-23,,3.533,,-1687467.0,28424.722,1.2462,6.1792,
2023-10-26,,,7.79,-1687467.0,28424.722,1.2462,6.1792,
2023-10-30,,3.473,,-1687467.0,28424.722,1.2462,6.1792,
2023-11-01,3.7,,,-1687467.0,28424.722,1.2462,6.1792,-65053.0
2023-11-02,,,7.76,-1687467.0,28424.722,1.2462,6.1792,
2023-11-06,,3.396,,-1687467.0,28424.722,1.2462,6.1792,
2023-11-09,,,7.5,-1687467.0,28424.722,1.2462,6.1792,
2023-11-13,,3.349,,-1687467.0,28424.722,1.2462,6.1792,
2023-11-16,,,7.44,-1687467.0,28424.722,1.2462,6.1792,
2023-11-20,,3.289,,-1687467.0,28424.722,1.2462,6.1792,
2023-11-22,,,7.29,-1687467.0,28424.722,1.2462,6.1792,
2023-11-27,,3.238,,-1687467.0,28424.722,1.2462,6.1792,
2023-11-30,,,7.22,-1687467.0,28424.722,1.2462,6.1792,
2023-12-01,3.8,,,-1687467.0,28424.722,1.2462,6.1792,-63888.0
2023-12-04,,3.231,,-1687467.0,28424.722,1.2462,6.1792,
2023-12-07,,,7.03,-1687467.0,28424.722,1.2462,6.1792,
2023-12-11,,3.136,,-1687467.0,28424.722,1.2462,6.1792,
2023-12-14,,,6.95,-1687467.0,28424.722,1.2462,6.1792,
2023-12-18,,3.053,,-1687467.0,28424.722,1.2462,6.1792,
2023-12-21,,,6.67,-1687467.0,28424.722,1.2462,6.1792,
2023-12-25,,3.116,,-1687467.0,28424.722,1.2462,6.1792,
2023-12-28,,,6.61,-1687467.0,28424.722,1.2462,6.1792,
2024-01-01,3.7,3.089,,-1687467.0,28708.161,0.9972,5.4809,-67077.0
2024-01-04,,,6.62,-1687467.0,28708.161,0.9972,5.4809,
2024-01-08,,3.073,,-1687467.0,28708.161,0.9972,5.4809,
2024-01-11,,,6.66,-1687467.0,28708.161,0.9972,5.4809,
2024-01-15,,3.058,,-1687467.0,28708.161,0.9972,5.4809,
2024-01-18,,,6.6,-1687467.0,28708.161,0.9972,5.4809,
2024-01-22,,3.062,,-1687467.0,28708.161,0.9972,5.4809,
2024-01-25,,,6.69,-1687467.0,28708.161,0.9972,5.4809,
2024-01-29,,3.095,,-1687467.0,28708.161,0.9972,5.4809,
2024-02-01,3.9,,6.63,-1687467.0,28708.161,0.9972,5.4809,-66431.0
2024-02-05,,3.136,,-1687467.0,28708.161,0.9972,5.4809,
2024-02-08,,,6.64,-1687467.0,28708.161,0.9972,5.4809,
2024-02-12,,3.192,,-1687467.0,28708.161,0.9972,5.4809,
2024-02-15,,,6.77,-1687467.0,28708.161,0.9972,5.4809,
2024-02-19,,3.269,,-1687467.0,28708.161,0.9972,5.4809,
2024-02-22,,,6.9,-1687467.0,28708.161,0.9972,5.4809,
2024-02-26,,3.249,,-1687467.0,28708.161,0.9972,5.4809,
2024-02-29,,,6.94,-1687467.0,28708.161,0.9972,5.4809,
2024-03-01,3.9,,,-1687467.0,28708.161,0.9972,5.4809,-66266.0
2024-03-04,,3.35,,-1687467.0,28708.161,0.9972,5.4809,
2024-03-07,,,6.88,-1687467.0,28708.161,0.9972,5.4809,
2024-03-11,,3.376,,-1687467.0,28708.161,0.9972,5.4809,
2024-03-14,,,6.74,-1687467.0,28708.161,0.9972,5.4809,
2024-03-18,,3.453,,-1687467.0,28708.161,0.9972,5.4809,
2024-03-21,,,6.87,-1687467.0,28708.161,0.9972,5.4809,
2024-03-25,,3.523,,-1687467.0,28708.161,0.9972,5.4809,
2024-03-28,,,6.79,-1687467.0,28708.161,0.9972,5.4809,
2024-04-01,3.9,3.517,,-1687467.0,29147.044,1.5288,5.8735,-73110.0
2024-04-04,,,6.82,-1687467.0,29147.044,1.5288,5.8735,
2024-04-08,,3.591,,-1687467.0,29147.044,1.5288,5.8735,
2024-04-11,,,6.88,-1687467.0,29147.044,1.5288,5.8735,
2024-04-15,,3.628,,-1687467.0,29147.044,1.5288,5.8735,
2024-04-18,,,7.1,-1687467.0,29147.044,1.5288,5.8735,
2024-04-22,,3.668,,-1687467.0,29147.044,1.5288,5.8735,
2024-04-25,,,7.17,-1687467.0,29147.044,1.5288,5.8735,
2024-04-29,,3.653,,-1687467.0,29147.044,1.5288,5.8735,
2024-05-01,3.9,,,-1687467.0,29147.044,1.5288,5.8735,-74456.0
2024-05-02,,,7.22,-1687467.0,29147.044,1.5288,5.8735,
2024-05-06,,3.643,,-1687467.0,29147.044,1.5288,5.8735,
2024-05-09,,,7.09,-1687467.0,29147.044,1.5288,5.8735,
2024-05-13,,3.608,,-1687467.0,29147.044,1.5288,5.8735,
2024-05-16,,,7.02,-1687467.0,29147.044,1.5288,5.8735,
2024-05-20,,3.584,,-1687467.0,29147.044,1.5288,5.8735,
2024-05-23,,,6.94,-1687467.0,29147.044,1.5288,5.8735,
2024-05-27,,3.577,,-1687467.0,29147.044,1.5288,5.8735,
2024-05-30,,,7.03,-1687467.0,29147.044,1.5288,5.8735,
2024-06-01,4.1,,,-1687467.0,29147.044,1.5288,5.8735,-73892.0
2024-06-03,,3.516,,-1687467.0,29147.044,1.5288,5.8735,
2024-06-06,,,6.99,-1687467.0,29147.044,1.5288,5.8735,
2024-06-10,,3.429,,-1687467.0,29147.044,1.5288,5.8735,
2024-06-13,,,6.95,-1687467.0,29147.044,1.5288,5.8735,
2024-06-17,,3.435,,-1687467.0,29147.044,1.5288,5.8735,
2024-06-20,,,6.87,-1687467.0,29147.044,1.5288,5.8735,
2024-06-24,,3.438,,-1687467.0,29147.044,1.5288,5.8735,
2024-06-27,,,6.86,-1687467.0,29147.044,1.5288,5.8735,
2024-07-01,4.2,3.479,,-1687467.0,29511.664,1.251,5.1178,-78639.0
2024-07-03,,,6.95,-1687467.0,29511.664,1.251,5.1178,
2024-07-08,,3.489,,-1687467.0,29511.664,1.251,5.1178,
2024-07-11,,,6.89,-1687467.0,29511.664,1.251,5.1178,
2024-07-15,,3.496,,-1687467.0,29511.664,1.251,5.1178,
2024-07-18,,,6.77,-1687467.0,29511.664,1.251,5.1178,
2024-07-22,,3.471,,-1687467.0,29511.664,1.251,5.1178,
2024-07-25,,,6.78,-1687467.0,29511.664,1.251,5.1178,
2024-07-29,,3.484,,-1687467.0,29511.664,1.251,5.1178,
2024-08-01,4.2,,6.73,-1687467.0,29511.664,1.251,5.1178,-71214.0
2024-08-05,,3.448,,-1687467.0,29511.664,1.251,5.1178,
2024-08-08,,,6.47,-1687467.0,29511.664,1.251,5.1178,
2024-08-12,,3.414,,-1687467.0,29511.664,1.251,5.1178,
2024-08-15,,,6.49,-1687467.0,29511.664,1.251,5.1178,
2024-08-19,,3.382,,-1687467.0,29511.664,1.251,5.1178,
2024-08-22,,,6.46,-1687467.0,29511.664,1.251,5.1178,
2024-08-26,,3.313,,-1687467.0,29511.664,1.251,5.1178,
2024-08-29,,,6.35,-1687467.0,29511.664,1.251,5.1178,
2024-09-01,4.1,,,-1687467.0,29511.664,1.251,5.1178,-81498.0
2024-09-02,,3.289,,-1687467.0,29511.664,1.251,5.1178,
2024-09-05,,,6.35,-1687467.0,29511.664,1.251,5.1178,
2024-09-09,,3.236,,-1687467.0,29511.664,1.251,5.1178,
2024-09-12,,,6.2,-1687467.0,29511.664,1.251,5.1178,
2024-09-16,,3.18,,-1687467.0,29511.664,1.251,5.1178,
2024-09-19,,,6.09,-1687467.0,29511.664,1.251,5.1178,
2024-09-23,,3.185,,-1687467.0,29511.664,1.251,5.1178,
2024-09-26,,,6.08,-1687467.0,29511.664,1.251,5.1178,
2024-09-30,,3.179,,-1815377.0,29511.664,1.251,5.1178,
2024-10-01,4.1,,,-1815377.0,29825.182,1.0624,4.9269,-74250.0
2024-10-03,,,6.12,-1815377.0,29825.182,1.0624,4.9269,
2024-10-07,,3.136,,-1815377.0,29825.182,1.0624,4.9269,
2024-10-10,,,6.32,-1815377.0,29825.182,1.0624,4.9269,
2024-10-14,,3.171,,-1815377.0,29825.182,1.0624,4.9269,
2024-10-17,,,6.44,-1815377.0,29825.182,1.0624,4.9269,
2024-10-21,,3.144,,-1815377.0,29825.182,1.0624,4.9269,
2024-10-24,,,6.54,-1815377.0,29825.182,1.0624,4.9269,
2024-10-28,,3.097,,-1815377.0,29825.182,1.0624,4.9269,
2024-10-31,,,6.72,-1815377.0,29825.182,1.0624,4.9269,
2024-11-01,4.2,,,-1815377.0,29825.182,1.0624,4.9269,-79752.0
2024-11-04,,3.069,,-1815377.0,29825.182,1.0624,4.9269,
2024-11-07,,,6.79,-1815377.0,29825.182,1.0624,4.9269,
2024-11-11,,3.052,,-1815377.0,29825.182,1.0624,4.9269,
2024-11-14,,,6.78,-1815377.0,29825.182,1.0624,4.9269,
2024-11-18,,3.046,,-1815377.0,29825.182,1.0624,4.9269,
2024-11-21,,,6.84,-1815377.0,29825.182,1.0624,4.9269,
2024-11-25,,3.044,,-1815377.0,29825.182,1.0624,4.9269,
2024-11-27,,,6.81,-1815377.0,29825.182,1.0624,4.9269,
2024-12-01,4.1,,,-1815377.0,29825.182,1.0624,4.9269,-96948.0
2024-12-02,,3.034,,-1815377.0,29825.182,1.0624,4.9269,
2024-12-05,,,6.69,-1815377.0,29825.182,1.0624,4.9269,
2024-12-09,,3.008,,-1815377.0,29825.182,1.0624,4.9269,
2024-12-12,,,6.6,-1815377.0,29825.182,1.0624,4.9269,
2024-12-16,,3.016,,-1815377.0,29825.182,1.0624,4.9269,
2024-12-19,,,6.72,-1815377.0,29825.182,1.0624,4.9269,
2024-12-23,,3.024,,-1815377.0,29825.182,1.0624,4.9269,
2024-12-26,,,6.85,-1815377.0,29825.182,1.0624,4.9269,
2024-12-30,,3.006,,-1815377.0,29825.182,1.0624,4.9269,
2025-01-01,4.0,,,-1815377.0,30042.113,0.7273,4.6466,-128331.0
2025-01-02,,,6.91,-1815377.0,30042.113,0.7273,4.6466,
2025-01-06,,3.047,,-1815377.0,30042.113,0.7273,4.6466,
2025-01-09,,,6.93,-1815377.0,30042.113,0.7273,4.6466,
2025-01-13,,3.043,,-1815377.0,30042.113,0.7273,4.6466,
2025-01-16,,,7.04,-1815377.0,30042.113,0.7273,4.6466,
2025-01-20,,3.109,,-1815377.0,30042.113,0.7273,4.6466,
2025-01-23,,,6.96,-1815377.0,30042.113,0.7273,4.6466,
2025-01-27,,3.103,,-1815377.0,30042.113,0.7273,4.6466,
2025-01-30,,,6.95,-1815377.0,30042.113,0.7273,4.6466,
2025-02-01,4.2,,,-1815377.0,30042.113,0.7273,4.6466,-119780.0
2025-02-03,,3.082,,-1815377.0,30042.113,0.7273,4.6466,
2025-02-06,,,6.89,-1815377.0,30042.113,0.7273,4.6466,
2025-02-10,,3.128,,-1815377.0,30042.113,0.7273,4.6466,
2025-02-13,,,6.87,-1815377.0,30042.113,0.7273,4.6466,
2025-02-17,,3.148,,-1815377.0,30042.113,0.7273,4.6466,
2025-02-20,,,6.85,-1815377.0,30042.113,0.7273,4.6466,
2025-02-24,,3.125,,-1815377.0,30042.113,0.7273,4.6466,
2025-02-27,,,6.76,-1815377.0,30042.113,0.7273,4.6466,
2025-03-01,4.2,,,-1815377.0,30042.113,0.7273,4.6466,-135856.0
2025-03-03,,3.078,,-1815377.0,30042.113,0.7273,4.6466,
2025-03-06,,,6.63,-1815377.0,30042.113,0.7273,4.6466,
2025-03-10,,3.069,,-1815377.0,30042.113,0.7273,4.6466,
2025-03-13,,,6.65,-1815377.0,30042.113,0.7273,4.6466,
2025-03-17,,3.058,,-1815377.0,30042.113,0.7273,4.6466,
2025-03-20,,,6.67,-1815377.0,30042.113,0.7273,4.6466,
2025-03-24,,3.115,,-1815377.0,30042.113,0.7273,4.6466,
2025-03-27,,,6.65,-1815377.0,30042.113,0.7273,4.6466,
2025-03-31,,3.162,,-1815377.0,30042.113,0.7273,4.6466,
2025-04-01,4.2,,,-1815377.0,30485.729,1.4766,4.5929,-60084.0
2025-04-03,,,6.64,-1815377.0,30485.729,1.4766,4.5929,
2025-04-07,,3.243,,-1815377.0,30485.729,1.4766,4.5929,
2025-04-10,,,6.62,-1815377.0,30485.729,1.4766,4.5929,
2025-04-14,,3.168,,-1815377.0,30485.729,1.4766,4.5929,
2025-04-17,,,6.83,-1815377.0,30485.729,1.4766,4.5929,
2025-04-21,,3.141,,-1815377.0,30485.729,1.4766,4.5929,
2025-04-24,,,6.81,-1815377.0,30485.729,1.4766,4.5929,
2025-04-28,,3.133,,-1815377.0,30485.729,1.4766,4.5929,
2025-05-01,4.3,,6.76,-1815377.0,30485.729,1.4766,4.5929,-70564.0
2025-05-05,,3.147,,-1815377.0,30485.729,1.4766,4.5929,
2025-05-08,,,6.76,-1815377.0,30485.729,1.4766,4.5929,
2025-05-12,,3.12,,-1815377.0,30485.729,1.4766,4.5929,
2025-05-15,,,6.81,-1815377.0,30485.729,1.4766,4.5929,
2025-05-19,,3.173,,-1815377.0,30485.729,1.4766,4.5929,
2025-05-22,,,6.86,-1815377.0,30485.729,1.4766,4.5929,
2025-05-26,,3.16,,-1815377.0,30485.729,1.4766,4.5929,
2025-05-29,,,6.89,-1815377.0,30485.729,1.4766,4.5929,
2025-06-01,4.1,,,-1815377.0,30485.729,1.4766,4.5929,-57637.0
2025-06-02,,3.127,,-1815377.0,30485.729,1.4766,4.5929,
2025-06-05,,,6.85,-1815377.0,30485.729,1.4766,4.5929,
2025-06-09,,3.108,,-1815377.0,30485.729,1.4766,4.5929,
2025-06-12,,,6.84,-1815377.0,30485.729,1.4766,4.5929,
2025-06-16,,3.139,,-1815377.0,30485.729,1.4766,4.5929,
2025-06-18,,,6.81,-1815377.0,30485.729,1.4766,4.5929,
2025-06-23,,3.213,,-1815377.0,30485.729,1.4766,4.5929,
2025-06-26,,,6.77,-1815377.0,30485.729,1.4766,4.5929,
2025-06-30,,3.164,,-1815377.0,30485.729,1.4766,4.5929,
2025-07-01,4.3,,,-1815377.0,31098.027,2.0085,5.3754,-74233.0
2025-07-03,,,6.67,-1815377.0,31098.027,2.0085,5.3754,
2025-07-07,,3.125,,-1815377.0,31098.027,2.0085,5.3754,
2025-07-10,,,6.72,-1815377.0,31098.027,2.0085,5.3754,
2025-07-14,,3.13,,-1815377.0,31098.027,2.0085,5.3754,
2025-07-17,,,6.75,-1815377.0,31098.027,2.0085,5.3754,
2025-07-21,,3.121,,-1815377.0,31098.027,2.0085,5.3754,
2025-07-24,,,6.74,-1815377.0,31098.027,2.0085,5.3754,
2025-07-28,,3.123,,-1815377.0,31098.027,2.0085,5.3754,
2025-07-31,,,6.72,-1815377.0,31098.027,2.0085,5.3754,
2025-08-01,4.3,,,-1815377.0,31098.027,2.0085,5.3754,-56011.0
2025-08-04,,3.14,,-1815377.0,31098.027,2.0085,5.3754,
2025-08-07,,,6.63,-1815377.0,31098.027,2.0085,5.3754,
2025-08-11,,3.118,,-1815377.0,31098.027,2.0085,5.3754,
2025-08-14,,,6.58,-1815377.0,31098.027,2.0085,5.3754,
2025-08-18,,3.125,,-1815377.0,31098.027,2.0085,5.3754,
2025-08-21,,,6.58,-1815377.0,31098.027,2.0085,5.3754,
2025-08-25,,3.147,,-1815377.0,31098.027,2.0085,5.3754,
2025-08-28,,,6.56,-1815377.0,31098.027,2.0085,5.3754,
2025-09-01,4.4,3.177,,-1815377.0,31098.027,2.0085,5.3754,-49168.0
2025-09-04,,,6.5,-1815377.0,31098.027,2.0085,5.3754,
2025-09-08,,3.192,,-1815377.0,31098.027,2.0085,5.3754,
2025-09-11,,,6.35,-1815377.0,31098.027,2.0085,5.3754,
2025-09-15,,3.168,,-1815377.0,31098.027,2.0085,5.3754,
2025-09-18,,,6.26,-1815377.0,31098.027,2.0085,5.3754,
2025-09-22,,3.173,,-1815377.0,31098.027,2.0085,5.3754,
2025-09-25,,,6.3,-1815377.0,31098.027,2.0085,5.3754,
2025-09-29,,3.118,,-1815377.0,31098.027,2.0085,5.3754,
2025-09-30,,,,-1774684.0,31098.027,2.0085,5.3754,
2025-10-01,,,,-1774684.0,31422.526,1.0435,5.3557,-31102.0
2025-10-02,,,6.34,-1774684.0,31422.526,1.0435,5.3557,
2025-10-06,,3.124,,-1774684.0,31422.526,1.0435,5.3557,
2025-10-09,,,6.3,-1774684.0,31422.526,1.0435,5.3557,
2025-10-13,,3.061,,-1774684.0,31422.526,1.0435,5.3557,
2025-10-16,,,6.27,-1774684.0,31422.526,1.0435,5.3557,
2025-10-20,,3.019,,-1774684.0,31422.526,1.0435,5.3557,
2025-10-23,,,6.19,-1774684.0,31422.526,1.0435,5.3557,
2025-10-27,,3.035,,-1774684.0,31422.526,1.0435,5.3557,
2025-10-30,,,6.17,-1774684.0,31422.526,1.0435,5.3557,
2025-11-01,4.5,,,-1774684.0,31422.526,1.0435,5.3557,-56026.0
2025-11-03,,3.019,,-1774684.0,31422.526,1.0435,5.3557,
2025-11-06,,,6.22,-1774684.0,31422.526,1.0435,5.3557,
2025-11-10,,3.056,,-1774684.0,31422.526,1.0435,5.3557,
2025-11-13,,,6.24,-1774684.0,31422.526,1.0435,5.3557,
2025-11-17,,3.062,,-1774684.0,31422.526,1.0435,5.3557,
2025-11-20,,,6.26,-1774684.0,31422.526,1.0435,5.3557,
2025-11-24,,3.061,,-1774684.0,31422.526,1.0435,5.3557,
2025-11-26,,,6.23,-1774684.0,31422.526,1.0435,5.3557,
2025-12-01,4.4,2.985,,-1774684.0,31422.526,1.0435,5.3557,-72900.0
2025-12-04,,,6.19,-1774684.0,31422.526,1.0435,5.3557,
2025-12-08,,2.94,,-1774684.0,31422.526,1.0435,5.3557,
2025-12-11,,,6.22,-1774684.0,31422.526,1.0435,5.3557,
2025-12-15,,2.895,,-1774684.0,31422.526,1.0435,5.3557,
2025-12-18,,,6.21,-1774684.0,31422.526,1.0435,5.3557,
2025-12-22,,2.841,,-1774684.0,31422.526,1.0435,5.3557,
2025-12-24,,,6.18,-1774684.0,31422.526,1.0435,5.3557,
2025-12-29,,2.811,,-1774684.0,31422.526,1.0435,5.3557,
2025-12-31,,,6.15,-1774684.0,31422.526,1.0435,5.3557,
2026-01-01,4.3,,,-1774684.0,31856.257,1.3803,6.0387,-54677.0
2026-01-05,,2.796,,-1774684.0,31856.257,1.3803,6.0387,
2026-01-08,,,6.16,-1774684.0,31856.257,1.3803,6.0387,
2026-01-12,,2.779,,-1774684.0,31856.257,1.3803,6.0387,
2026-01-15,,,6.06,-1774684.0,31856.257,1.3803,6.0387,
2026-01-19,,2.806,,-1774684.0,31856.257,1.3803,6.0387,
2026-01-22,,,6.09,-1774684.0,31856.257,1.3803,6.0387,
2026-01-26,,2.853,,-1774684.0,31856.257,1.3803,6.0387,
2026-01-29,,,6.1,-1774684.0,31856.257,1.3803,6.0387,
2026-02-01,4.4,,,-1774684.0,31856.257,1.3803,6.0387,-57777.0
2026-02-02,,2.867,,-1774684.0,31856.257,1.3803,6.0387,
2026-02-05,,,6.11,-1774684.0,31856.257,1.3803,6.0387,
2026-02-09,,2.902,,-1774684.0,31856.257,1.3803,6.0387,
2026-02-12,,,6.09,-1774684.0,31856.257,1.3803,6.0387,
2026-02-16,,2.924,,-1774684.0,31856.257,1.3803,6.0387,
2026-02-19,,,6.01,-1774684.0,31856.257,1.3803,6.0387,
2026-02-23,,2.937,,-1774684.0,31856.257,1.3803,6.0387,
2026-02-26,,,5.98,-1774684.0,31856.257,1.3803,6.0387,
2026-03-01,4.3,,,-1774684.0,31856.257,1.3803,6.0387,-60307.0
2026-03-02,,3.015,,-1774684.0,31856.257,1.3803,6.0387,
2026-03-05,,,6.0,-1774684.0,31856.257,1.3803,6.0387,
2026-03-09,,3.502,,-1774684.0,31856.257,1.3803,6.0387,
2026-03-12,,,6.11,-1774684.0,31856.257,1.3803,6.0387,
2026-03-16,,3.72,,-1774684.0,31856.257,1.3803,6.0387,
2026-03-19,,,6.22,-1774684.0,31856.257,1.3803,6.0387,
2026-03-23,,3.961,,-1774684.0,31856.257,1.3803,6.0387,
2026-03-26,,,6.38,-1774684.0,31856.257,1.3803,6.0387,
2026-03-30,,3.99,,-1774684.0,31856.257,1.3803,6.0387,
2026-04-01,4.3,,,-1774684.0,31856.257,1.3803,6.0387,
2026-04-02,,,6.46,-1774684.0,31856.257,1.3803,6.0387,
2026-04-06,,4.12,,-1774684.0,31856.257,1.3803,6.0387,
2026-04-09,,,6.37,-1774684.0,31856.257,1.3803,6.0387,
2026-04-13,,4.123,,-1774684.0,31856.257,1.3803,6.0387,
2026-04-16,,,6.3,-1774684.0,31856.257,1.3803,6.0387,
2026-04-20,,4.044,,-1774684.0,31856.257,1.3803,6.0387,
2026-04-23,,,6.23,-1774684.0,31856.257,1.3803,6.0387,
2026-04-27,,4.123,,-1774684.0,31856.257,1.3803,6.0387,
2026-04-30,,,6.3,-1774684.0,31856.257,1.3803,6.0387,
2026-05-04,,4.452,,-1774684.0,31856.257,1.3803,6.0387,
2026-05-07,,,6.37,-1774684.0,31856.257,1.3803,6.0387,
2026-05-11,,4.5,,-1774684.0,31856.257,1.3803,6.0387,
2026-05-14,,,6.36,-1774684.0,31856.257,1.3803,6.0387,
2026-05-18,,4.49,,-1774684.0,31856.257,1.3803,6.0387,
2026-05-21,,,6.51,-1774684.0,31856.257,1.3803,6.0387,
